Date,Customer ID,Product Category,Product Name,Quantity Sold,Price,Discount Applied,Payment Method,Total Sales,Month,Revenue
2024-01-01,b269ef97,Books,Laptop,3,352.1,0.16,Credit Card,887.2920000000001,2024-01,887.2920000000001
2024-01-02,791440fc,Electronics,Novel,4,272.69,0.14,PayPal,938.0536,2024-01,938.0536
2024-01-03,cc917c87,Clothing,Vacuum,1,161.67,0.01,Credit Card,160.0533,2024-01,160.0533
2024-01-04,39386f53,Clothing,Board Game,3,408.76,0.1,Credit Card,1103.652,2024-01,1103.652
2024-01-05,59e8fa53,Books,Shoes,3,345.52,0.11,Credit Card,922.5383999999999,2024-01,922.5383999999999
2024-01-06,762b13b7,Books,Shoes,4,89.68,0.12,Bank Transfer,315.6736,2024-01,315.6736
2024-01-07,fd07e3e8,Toys,Laptop,1,456.35,0.17,Bank Transfer,378.7705,2024-01,378.7705
2024-01-08,4c9c765e,Electronics,Laptop,1,413.04,0.16,Bank Transfer,346.9536,2024-01,346.9536
2024-01-09,0a8d9f30,Home,Board Game,3,475.4,0.18,PayPal,1169.484,2024-01,1169.484
2024-01-10,709556fc,Electronics,Vacuum,2,365.6,0.23,PayPal,563.024,2024-01,563.024
2024-01-11,2380e9b2,Clothing,Novel,3,310.57,0.24,PayPal,708.0996,2024-01,708.0996
2024-01-12,9be51aa4,Home,Novel,3,214.94,0.22,Bank Transfer,502.9596,2024-01,502.9596
2024-01-13,094d6739,Electronics,Vacuum,3,467.04,0.29,Bank Transfer,994.7952,2024-01,994.7952
2024-01-14,06d4e5d6,Electronics,Laptop,3,434.37,0.01,Bank Transfer,1290.0789,2024-01,1290.0789
2024-01-15,b2940df3,Books,Novel,4,32.16,0.06,Bank Transfer,120.9216,2024-01,120.9216
2024-01-16,d4730edc,Home,Shoes,1,22.92,0.0,Credit Card,22.92,2024-01,22.92
2024-01-17,167dbb8b,Clothing,Laptop,4,194.47,0.19,PayPal,630.0828,2024-01,630.0828
2024-01-18,9adcf070,Home,Vacuum,4,407.17,0.27,Credit Card,1188.9364,2024-01,1188.9364
2024-01-19,731a4fbf,Toys,Laptop,4,493.77,0.07,PayPal,1836.8244,2024-01,1836.8244
2024-01-20,ec0b3fc7,Electronics,Novel,3,83.7,0.28,Bank Transfer,180.792,2024-01,180.792
2024-01-21,c8a911bb,Toys,Shoes,2,301.12,0.02,PayPal,590.1952,2024-01,590.1952
2024-01-22,0a32c217,Books,Shoes,1,196.64,0.28,Bank Transfer,141.5808,2024-01,141.5808
2024-01-23,9c9390e5,Clothing,Board Game,2,485.26,0.11,Credit Card,863.7628,2024-01,863.7628
2024-01-24,38e5e40f,Electronics,Shoes,4,422.64,0.03,Bank Transfer,1639.8432,2024-01,1639.8432
2024-01-25,b8f512d8,Toys,Laptop,4,420.78,0.15,Bank Transfer,1430.652,2024-01,1430.652
2024-01-26,898e6b7b,Clothing,Board Game,2,239.66,0.08,Bank Transfer,440.9744,2024-01,440.9744
2024-01-27,adfeb4b4,Electronics,Laptop,2,213.26,0.09,PayPal,388.1332,2024-01,388.1332
2024-01-28,041d31ac,Electronics,Board Game,2,143.97,0.09,Bank Transfer,262.0254,2024-01,262.0254
2024-01-29,3c2aaaef,Toys,Laptop,4,37.62,0.24,PayPal,114.3648,2024-01,114.3648
2024-01-30,79834f06,Books,Laptop,4,433.71,0.16,Credit Card,1457.2656,2024-01,1457.2656
2024-01-31,9d6418d4,Toys,Shoes,1,408.32,0.09,Credit Card,371.5712,2024-01,371.5712
2024-02-01,60676783,Books,Laptop,1,499.86,0.18,Credit Card,409.8852000000001,2024-02,409.8852000000001
2024-02-02,99906a37,Home,Novel,4,498.35,0.21,PayPal,1574.786,2024-02,1574.786
2024-02-03,ad85dca7,Toys,Laptop,2,282.16,0.08,Bank Transfer,519.1744000000001,2024-02,519.1744000000001
2024-02-04,9ca63020,Clothing,Laptop,2,386.8,0.12,Bank Transfer,680.768,2024-02,680.768
2024-02-05,54d12666,Home,Novel,1,472.94,0.04,Credit Card,454.0224,2024-02,454.0224
2024-02-06,559e1515,Toys,Shoes,4,426.33,0.05,Bank Transfer,1620.054,2024-02,1620.054
2024-02-07,a571ad29,Books,Shoes,1,131.2,0.2,Credit Card,104.96,2024-02,104.96
2024-02-08,ccf6ec5e,Toys,Laptop,1,230.77,0.05,Credit Card,219.2315,2024-02,219.2315
2024-02-09,96c30d69,Home,Laptop,3,73.29,0.16,Bank Transfer,184.6908,2024-02,184.6908
2024-02-10,39149765,Books,Novel,3,477.49,0.21,PayPal,1131.6513,2024-02,1131.6513
2024-02-11,9b1a4013,Electronics,Vacuum,3,307.03,0.03,Bank Transfer,893.4572999999999,2024-02,893.4572999999999
2024-02-12,72036e1f,Clothing,Novel,2,122.03,0.17,Credit Card,202.5698,2024-02,202.5698
2024-02-13,e0c58854,Clothing,Vacuum,4,339.13,0.08,Bank Transfer,1247.9984,2024-02,1247.9984
2024-02-14,5c9fa59d,Electronics,Novel,4,312.88,0.29,Bank Transfer,888.5791999999999,2024-02,888.5791999999999
2024-02-15,04b644dc,Clothing,Vacuum,4,185.5,0.15,PayPal,630.6999999999999,2024-02,630.6999999999999
2024-02-16,ee0077bb,Electronics,Laptop,4,65.64,0.24,PayPal,199.5456,2024-02,199.5456
2024-02-17,6b3867ce,Clothing,Vacuum,3,339.07,0.17,Bank Transfer,844.2843,2024-02,844.2843
2024-02-18,0abc61e8,Books,Board Game,2,264.95,0.01,Credit Card,524.601,2024-02,524.601
2024-02-19,6e84b9ce,Clothing,Laptop,2,388.44,0.19,Bank Transfer,629.2728000000001,2024-02,629.2728000000001
2024-02-20,eee72ac5,Clothing,Novel,3,264.88,0.29,Credit Card,564.1944,2024-02,564.1944
2024-02-21,36d356d6,Clothing,Board Game,2,427.57,0.18,Bank Transfer,701.2148000000001,2024-02,701.2148000000001
2024-02-22,2f5e0f2f,Clothing,Vacuum,3,280.43,0.25,Bank Transfer,630.9675,2024-02,630.9675
2024-02-23,18efa03c,Toys,Vacuum,4,284.86,0.27,Credit Card,831.7912,2024-02,831.7912
2024-02-24,ea7eda31,Books,Board Game,3,439.56,0.07,Bank Transfer,1226.3724,2024-02,1226.3724
2024-02-25,25a59752,Books,Laptop,4,207.71,0.06,PayPal,780.9896,2024-02,780.9896
2024-02-26,da08379a,Electronics,Vacuum,4,75.67,0.18,Credit Card,248.1976,2024-02,248.1976
2024-02-27,a3176e30,Books,Vacuum,1,24.1,0.12,PayPal,21.208,2024-02,21.208
2024-02-28,ae1791b2,Electronics,Novel,3,380.02,0.25,Credit Card,855.045,2024-02,855.045
2024-02-29,d52577e1,Clothing,Vacuum,1,313.95,0.27,Bank Transfer,229.1835,2024-02,229.1835
2024-03-01,0050ec9d,Toys,Board Game,3,355.0,0.11,PayPal,947.85,2024-03,947.85
2024-03-02,89555b50,Books,Laptop,3,114.35,0.07,Bank Transfer,319.0364999999999,2024-03,319.0364999999999
2024-03-03,0251224d,Home,Laptop,1,76.82,0.23,PayPal,59.1514,2024-03,59.1514
2024-03-04,594f8242,Books,Novel,1,17.13,0.08,PayPal,15.7596,2024-03,15.7596
2024-03-05,8795511e,Toys,Laptop,3,181.79,0.25,PayPal,409.0275,2024-03,409.0275
2024-03-06,24fc2961,Books,Shoes,2,299.06,0.13,Credit Card,520.3644,2024-03,520.3644
2024-03-07,0e855feb,Clothing,Novel,4,202.2,0.2,PayPal,647.04,2024-03,647.04
2024-03-08,cbd88642,Electronics,Vacuum,1,224.36,0.03,PayPal,217.6292,2024-03,217.6292
2024-03-09,84d40378,Clothing,Shoes,4,453.04,0.19,Credit Card,1467.8496,2024-03,1467.8496
2024-03-10,1c320adb,Clothing,Board Game,2,180.65,0.14,Bank Transfer,310.718,2024-03,310.718
2024-03-11,775f0039,Clothing,Vacuum,2,261.85,0.18,PayPal,429.4340000000001,2024-03,429.4340000000001
2024-03-12,8c17c6ed,Toys,Vacuum,2,393.99,0.05,Bank Transfer,748.581,2024-03,748.581
2024-03-13,782054d8,Toys,Novel,1,204.31,0.22,Bank Transfer,159.3618,2024-03,159.3618
2024-03-14,93aaf104,Clothing,Laptop,2,314.82,0.26,PayPal,465.9336,2024-03,465.9336
2024-03-15,b40bb103,Books,Novel,1,432.56,0.07,PayPal,402.2808,2024-03,402.2808
2024-03-16,d3a402ef,Clothing,Board Game,2,475.27,0.03,PayPal,922.0237999999999,2024-03,922.0237999999999
2024-03-17,15d18d21,Toys,Novel,4,82.07,0.01,Credit Card,324.9972,2024-03,324.9972
2024-03-18,c8fc4838,Home,Novel,4,464.03,0.19,Credit Card,1503.4572,2024-03,1503.4572
2024-03-19,e8f7da38,Clothing,Novel,3,251.14,0.18,Credit Card,617.8044,2024-03,617.8044
2024-03-20,c666d4e0,Clothing,Shoes,4,136.54,0.16,Bank Transfer,458.7744,2024-03,458.7744
2024-03-21,cea6949c,Home,Vacuum,3,234.98,0.07,PayPal,655.5941999999999,2024-03,655.5941999999999
2024-03-22,39953546,Clothing,Shoes,4,490.22,0.12,PayPal,1725.5744,2024-03,1725.5744
2024-03-23,78736fe5,Home,Shoes,1,251.38,0.18,Credit Card,206.1316,2024-03,206.1316
2024-03-24,770eebcc,Toys,Vacuum,4,171.09,0.15,Credit Card,581.706,2024-03,581.706
2024-03-25,5a3fdc88,Clothing,Vacuum,3,320.37,0.3,PayPal,672.7769999999999,2024-03,672.7769999999999
2024-03-26,6c60fffa,Clothing,Laptop,3,127.67,0.04,Bank Transfer,367.6896,2024-03,367.6896
2024-03-27,60b73b5f,Toys,Vacuum,2,47.17,0.21,PayPal,74.52860000000001,2024-03,74.52860000000001
2024-03-28,995ab19d,Home,Novel,1,73.15,0.12,PayPal,64.372,2024-03,64.372
2024-03-29,0810331e,Electronics,Shoes,4,72.74,0.13,Bank Transfer,253.1352,2024-03,253.1352
2024-03-30,d6136fea,Electronics,Laptop,2,84.43,0.22,Credit Card,131.7108,2024-03,131.7108
2024-03-31,a894c9c9,Electronics,Board Game,4,78.03,0.21,Bank Transfer,246.5748,2024-03,246.5748
2024-04-01,6d093be6,Books,Laptop,4,324.03,0.3,Bank Transfer,907.2839999999999,2024-04,907.2839999999999
2024-04-02,acfe3ccf,Books,Board Game,2,99.12,0.04,PayPal,190.3104,2024-04,190.3104
2024-04-03,f2114d54,Home,Laptop,2,179.38,0.03,PayPal,347.9972,2024-04,347.9972
2024-04-04,df39e3d8,Electronics,Laptop,2,449.43,0.22,Credit Card,701.1108,2024-04,701.1108
2024-04-05,361e4c13,Clothing,Novel,2,242.24,0.17,Bank Transfer,402.1184,2024-04,402.1184
2024-04-06,1e677eda,Toys,Board Game,2,337.1,0.08,Credit Card,620.2640000000001,2024-04,620.2640000000001
2024-04-07,0e831dc8,Home,Vacuum,4,94.44,0.02,Bank Transfer,370.2048,2024-04,370.2048
2024-04-08,c9839d9d,Toys,Vacuum,2,104.22,0.03,PayPal,202.1868,2024-04,202.1868
2024-04-09,823edeea,Toys,Vacuum,1,30.03,0.27,Bank Transfer,21.9219,2024-04,21.9219
2024-04-10,5da14262,Electronics,Shoes,3,92.78,0.06,PayPal,261.6396,2024-04,261.6396
2024-04-11,fb100ec9,Books,Laptop,2,146.51,0.1,PayPal,263.718,2024-04,263.718
2024-04-12,55412c8f,Books,Shoes,2,96.74,0.07,Credit Card,179.9364,2024-04,179.9364
2024-04-13,fdb78e19,Home,Novel,4,53.46,0.11,Credit Card,190.3176,2024-04,190.3176
2024-04-14,7a4e0bfe,Clothing,Novel,2,69.11,0.02,Bank Transfer,135.4556,2024-04,135.4556
2024-04-15,3370e106,Books,Board Game,2,235.78,0.16,Bank Transfer,396.1104,2024-04,396.1104
2024-04-16,7ac37874,Electronics,Novel,2,111.1,0.02,Bank Transfer,217.756,2024-04,217.756
2024-04-17,ed05f643,Home,Board Game,4,188.49,0.24,Bank Transfer,573.0096,2024-04,573.0096
2024-04-18,29718af3,Home,Novel,2,256.67,0.07,PayPal,477.4062,2024-04,477.4062
2024-04-19,cb62cc84,Toys,Shoes,3,348.29,0.16,Bank Transfer,877.6908000000001,2024-04,877.6908000000001
2024-04-20,b7689f61,Toys,Vacuum,4,29.26,0.26,Credit Card,86.6096,2024-04,86.6096
2024-04-21,912a9d64,Clothing,Shoes,3,401.71,0.2,Bank Transfer,964.1039999999999,2024-04,964.1039999999999
2024-04-22,197a7d3f,Home,Novel,4,317.67,0.16,Credit Card,1067.3712,2024-04,1067.3712
2024-04-23,433999d1,Electronics,Shoes,2,50.06,0.1,PayPal,90.108,2024-04,90.108
2024-04-24,6ae844b3,Toys,Laptop,3,438.05,0.1,PayPal,1182.735,2024-04,1182.735
2024-04-25,d031581e,Toys,Board Game,4,461.23,0.2,PayPal,1475.936,2024-04,1475.936
2024-04-26,9785f66b,Clothing,Shoes,1,39.93,0.3,Bank Transfer,27.951,2024-04,27.951
2024-04-27,2456050e,Books,Novel,2,145.67,0.2,PayPal,233.072,2024-04,233.072
2024-04-28,88c0a710,Books,Vacuum,4,405.04,0.17,PayPal,1344.7328,2024-04,1344.7328
2024-04-29,7cdf213a,Electronics,Board Game,1,376.65,0.22,PayPal,293.787,2024-04,293.787
2024-04-30,541d88b2,Books,Board Game,4,100.42,0.14,Credit Card,345.4448,2024-04,345.4448
2024-05-01,3d004b4c,Home,Board Game,1,112.58,0.02,PayPal,110.3284,2024-05,110.3284
2024-05-02,df43a000,Books,Board Game,2,191.53,0.17,Credit Card,317.9398,2024-05,317.9398
2024-05-03,67eb84b6,Home,Novel,3,247.42,0.29,PayPal,527.0046,2024-05,527.0046
2024-05-04,ab31f445,Electronics,Novel,1,312.94,0.05,Credit Card,297.293,2024-05,297.293
2024-05-05,95e8750e,Clothing,Laptop,4,190.77,0.21,Bank Transfer,602.8332,2024-05,602.8332
2024-05-06,70b9ae9c,Electronics,Board Game,2,236.64,0.06,Credit Card,444.8831999999999,2024-05,444.8831999999999
2024-05-07,f2988004,Toys,Board Game,1,376.26,0.16,Bank Transfer,316.0584,2024-05,316.0584
2024-05-08,9e338bfb,Toys,Shoes,4,27.97,0.03,Bank Transfer,108.5236,2024-05,108.5236
2024-05-09,5dde7aee,Toys,Laptop,4,133.69,0.14,Bank Transfer,459.8936,2024-05,459.8936
2024-05-10,c71e4936,Clothing,Novel,4,359.54,0.23,Bank Transfer,1107.3832,2024-05,1107.3832
2024-05-11,ef58166d,Electronics,Shoes,1,448.65,0.1,Credit Card,403.785,2024-05,403.785
2024-05-12,b0c96bb8,Toys,Shoes,1,260.72,0.2,Credit Card,208.576,2024-05,208.576
2024-05-13,1f8f0137,Toys,Laptop,1,270.74,0.24,Credit Card,205.7624,2024-05,205.7624
2024-05-14,b3f0dbc0,Electronics,Board Game,3,62.51,0.28,Credit Card,135.0216,2024-05,135.0216
2024-05-15,c418238f,Home,Vacuum,1,229.23,0.07,PayPal,213.1839,2024-05,213.1839
2024-05-16,771ce490,Electronics,Vacuum,1,270.98,0.12,Bank Transfer,238.4624,2024-05,238.4624
2024-05-17,368d5708,Books,Laptop,1,128.81,0.05,Credit Card,122.3695,2024-05,122.3695
2024-05-18,809f7291,Books,Novel,3,141.93,0.3,PayPal,298.053,2024-05,298.053
2024-05-19,b17c440e,Electronics,Laptop,1,194.87,0.28,PayPal,140.3064,2024-05,140.3064
2024-05-20,6ad6e5fa,Home,Novel,4,19.83,0.16,PayPal,66.6288,2024-05,66.6288
2024-05-21,0690af8f,Home,Shoes,1,167.82,0.25,PayPal,125.865,2024-05,125.865
2024-05-22,2791dae2,Clothing,Vacuum,4,113.61,0.16,Bank Transfer,381.7296,2024-05,381.7296
2024-05-23,0d2a2c4d,Toys,Shoes,4,170.47,0.19,Credit Card,552.3228,2024-05,552.3228
2024-05-24,909f945c,Home,Shoes,4,68.68,0.03,Bank Transfer,266.4784,2024-05,266.4784
2024-05-25,c1d40afc,Clothing,Novel,3,446.36,0.23,Bank Transfer,1031.0916,2024-05,1031.0916
2024-05-26,305a7d38,Home,Novel,3,300.86,0.04,PayPal,866.4768,2024-05,866.4768
2024-05-27,8301d2a6,Books,Vacuum,3,342.76,0.25,Bank Transfer,771.21,2024-05,771.21
2024-05-28,173d2705,Clothing,Laptop,1,396.69,0.23,Bank Transfer,305.4513,2024-05,305.4513
2024-05-29,308013c6,Clothing,Laptop,4,254.24,0.21,Credit Card,803.3984,2024-05,803.3984
2024-05-30,d072db7e,Toys,Laptop,3,52.59,0.01,PayPal,156.1923,2024-05,156.1923
2024-05-31,5f006122,Books,Novel,3,273.18,0.09,PayPal,745.7814,2024-05,745.7814
2024-06-01,1858d418,Home,Novel,1,297.55,0.08,Credit Card,273.746,2024-06,273.746
2024-06-02,5a560257,Home,Shoes,3,375.27,0.11,Credit Card,1001.9709,2024-06,1001.9709
2024-06-03,a307c33e,Electronics,Novel,1,221.51,0.03,Credit Card,214.8647,2024-06,214.8647
2024-06-04,ef354c68,Clothing,Vacuum,2,72.51,0.28,PayPal,104.4144,2024-06,104.4144
2024-06-05,121d639a,Clothing,Vacuum,3,149.05,0.17,PayPal,371.1345,2024-06,371.1345
2024-06-06,6f45be4d,Home,Shoes,2,187.91,0.09,Bank Transfer,341.9962,2024-06,341.9962
2024-06-07,f6a00c7f,Clothing,Novel,1,326.5,0.12,PayPal,287.32,2024-06,287.32
2024-06-08,f16a0f87,Clothing,Laptop,4,289.68,0.13,Bank Transfer,1008.0864,2024-06,1008.0864
2024-06-09,ec05b747,Electronics,Vacuum,3,184.49,0.18,Credit Card,453.8454,2024-06,453.8454
2024-06-10,b5493ac5,Books,Shoes,1,493.39,0.15,PayPal,419.3815,2024-06,419.3815
2024-06-11,92cad82b,Clothing,Novel,4,306.83,0.28,Credit Card,883.6704,2024-06,883.6704
2024-06-12,07040cbb,Toys,Vacuum,4,126.24,0.15,Credit Card,429.216,2024-06,429.216
2024-06-13,ac804950,Toys,Novel,2,59.87,0.3,Bank Transfer,83.818,2024-06,83.818
2024-06-14,1455eb3f,Electronics,Laptop,1,84.9,0.26,Bank Transfer,62.826,2024-06,62.826
2024-06-15,d36ca47c,Clothing,Shoes,4,130.52,0.06,PayPal,490.7552,2024-06,490.7552
2024-06-16,a868511a,Books,Vacuum,3,88.73,0.28,Credit Card,191.6568,2024-06,191.6568
2024-06-17,f95e6378,Clothing,Laptop,3,101.42,0.03,Credit Card,295.1322,2024-06,295.1322
2024-06-18,311ab254,Electronics,Shoes,2,149.7,0.25,Bank Transfer,224.55,2024-06,224.55
2024-06-19,278bc481,Toys,Shoes,4,94.95,0.11,Bank Transfer,338.022,2024-06,338.022
2024-06-20,750bac92,Home,Laptop,1,449.42,0.26,PayPal,332.5708,2024-06,332.5708
2024-06-21,ae1b40cf,Home,Shoes,3,49.31,0.26,Credit Card,109.4682,2024-06,109.4682
2024-06-22,42b25f5a,Books,Shoes,4,267.01,0.24,Bank Transfer,811.7103999999999,2024-06,811.7103999999999
2024-06-23,d18320ba,Toys,Laptop,4,211.09,0.24,Credit Card,641.7136,2024-06,641.7136
2024-06-24,469404c4,Electronics,Novel,2,491.37,0.09,Bank Transfer,894.2934,2024-06,894.2934
2024-06-25,436fb1f9,Electronics,Laptop,3,64.9,0.02,PayPal,190.806,2024-06,190.806
2024-06-26,13404336,Home,Shoes,3,204.95,0.12,Bank Transfer,541.0679999999999,2024-06,541.0679999999999
2024-06-27,3f5b61d3,Home,Novel,1,485.04,0.05,Bank Transfer,460.788,2024-06,460.788
2024-06-28,f64401e3,Home,Vacuum,3,434.1,0.21,PayPal,1028.817,2024-06,1028.817
2024-06-29,338fdedd,Books,Board Game,1,410.37,0.1,Credit Card,369.333,2024-06,369.333
2024-06-30,e22ea118,Books,Board Game,3,136.37,0.29,Credit Card,290.4681,2024-06,290.4681
2024-07-01,0fc6903b,Toys,Laptop,2,93.73,0.19,Credit Card,151.8426,2024-07,151.8426
2024-07-02,e0240734,Electronics,Board Game,3,337.64,0.25,Bank Transfer,759.6899999999999,2024-07,759.6899999999999
2024-07-03,3e26f1b9,Home,Laptop,1,465.39,0.04,PayPal,446.7744,2024-07,446.7744
2024-07-04,26db2cf3,Clothing,Laptop,1,282.81,0.26,Bank Transfer,209.2794,2024-07,209.2794
2024-07-05,08ef6315,Toys,Board Game,2,290.09,0.28,Credit Card,417.7295999999999,2024-07,417.7295999999999
2024-07-06,c5562136,Clothing,Board Game,3,147.19,0.15,Bank Transfer,375.3345,2024-07,375.3345
2024-07-07,9f573037,Electronics,Vacuum,3,387.05,0.18,Credit Card,952.1430000000001,2024-07,952.1430000000001
2024-07-08,9f6aea4c,Home,Vacuum,2,101.65,0.23,Bank Transfer,156.541,2024-07,156.541
2024-07-09,d54e3dc1,Home,Novel,3,168.6,0.05,Bank Transfer,480.5099999999999,2024-07,480.5099999999999
2024-07-10,fdb04cd9,Clothing,Vacuum,3,218.46,0.15,PayPal,557.073,2024-07,557.073
2024-07-11,4eba3a68,Clothing,Laptop,1,258.73,0.12,Bank Transfer,227.6824,2024-07,227.6824
2024-07-12,e5c5297c,Toys,Laptop,3,128.78,0.04,Credit Card,370.8864,2024-07,370.8864
2024-07-13,d2cc967e,Home,Shoes,3,66.27,0.11,PayPal,176.9409,2024-07,176.9409
2024-07-14,76df8add,Toys,Board Game,2,309.2,0.02,Bank Transfer,606.0319999999999,2024-07,606.0319999999999
2024-07-15,e083b041,Home,Novel,2,151.43,0.01,PayPal,299.8314,2024-07,299.8314
2024-07-16,58c25f53,Electronics,Board Game,4,294.81,0.04,Bank Transfer,1132.0704,2024-07,1132.0704
2024-07-17,b4cf227c,Toys,Board Game,1,85.64,0.29,Bank Transfer,60.80439999999999,2024-07,60.80439999999999
2024-07-18,1952b2e7,Toys,Laptop,3,245.76,0.16,PayPal,619.3152,2024-07,619.3152
2024-07-19,2709ad05,Toys,Board Game,3,270.97,0.29,Bank Transfer,577.1661,2024-07,577.1661
2024-07-20,daf4cc7d,Toys,Shoes,4,35.39,0.13,Credit Card,123.1572,2024-07,123.1572
2024-07-21,29c96576,Toys,Vacuum,3,174.94,0.09,Credit Card,477.5862,2024-07,477.5862
2024-07-22,d8d6a8fe,Electronics,Vacuum,1,75.86,0.15,Bank Transfer,64.481,2024-07,64.481
2024-07-23,0b6d0c9d,Home,Shoes,4,41.05,0.13,PayPal,142.854,2024-07,142.854
2024-07-24,b87be484,Clothing,Shoes,1,495.08,0.03,PayPal,480.2276,2024-07,480.2276
2024-07-25,69f4e842,Home,Shoes,4,167.95,0.19,Bank Transfer,544.158,2024-07,544.158
2024-07-26,7efed3e9,Electronics,Shoes,4,406.84,0.06,PayPal,1529.7184,2024-07,1529.7184
2024-07-27,ed1ba1bd,Clothing,Laptop,2,134.77,0.19,Bank Transfer,218.3274,2024-07,218.3274
2024-07-28,22446140,Toys,Vacuum,1,343.94,0.2,PayPal,275.152,2024-07,275.152
2024-07-29,c35765f7,Clothing,Laptop,3,382.51,0.05,Credit Card,1090.1535,2024-07,1090.1535
2024-07-30,51975e87,Books,Vacuum,3,301.86,0.02,PayPal,887.4684,2024-07,887.4684
2024-07-31,4afc9ae3,Home,Board Game,1,241.07,0.23,Bank Transfer,185.6239,2024-07,185.6239
2024-08-01,35ca191e,Home,Shoes,3,211.8,0.14,Bank Transfer,546.4440000000001,2024-08,546.4440000000001
2024-08-02,e3a9577e,Toys,Novel,3,180.95,0.02,Credit Card,531.9929999999999,2024-08,531.9929999999999
2024-08-03,c85a3994,Toys,Board Game,1,465.47,0.3,Credit Card,325.829,2024-08,325.829
2024-08-04,79449a4a,Home,Board Game,4,417.0,0.02,Bank Transfer,1634.64,2024-08,1634.64
2024-08-05,1a2e27d9,Books,Shoes,1,482.86,0.21,PayPal,381.4594,2024-08,381.4594
2024-08-06,7324efd9,Electronics,Laptop,4,70.91,0.3,Bank Transfer,198.548,2024-08,198.548
2024-08-07,453231dd,Clothing,Laptop,3,368.13,0.07,Credit Card,1027.0827,2024-08,1027.0827
2024-08-08,f85461a5,Toys,Novel,3,469.79,0.04,Credit Card,1352.9952,2024-08,1352.9952
2024-08-09,04415655,Home,Novel,3,98.8,0.04,Credit Card,284.544,2024-08,284.544
2024-08-10,c6f85073,Home,Novel,2,42.58,0.09,Credit Card,77.4956,2024-08,77.4956
2024-08-11,50637f28,Books,Laptop,4,373.15,0.03,PayPal,1447.822,2024-08,1447.822
2024-08-12,bf4725ae,Electronics,Novel,2,291.49,0.21,Credit Card,460.5542,2024-08,460.5542
2024-08-13,dd6dbe21,Home,Vacuum,2,422.5,0.02,Credit Card,828.1,2024-08,828.1
2024-08-14,b1e7be75,Home,Novel,1,78.49,0.15,Credit Card,66.7165,2024-08,66.7165
2024-08-15,78f3bd16,Toys,Novel,2,399.68,0.3,PayPal,559.552,2024-08,559.552
2024-08-16,439d1b96,Electronics,Vacuum,1,108.8,0.24,PayPal,82.688,2024-08,82.688
2024-08-17,a1da599d,Toys,Board Game,1,90.19,0.18,PayPal,73.95580000000001,2024-08,73.95580000000001
2024-08-18,144699e7,Electronics,Vacuum,2,90.49,0.09,Credit Card,164.6918,2024-08,164.6918
2024-08-19,dcc31975,Electronics,Novel,4,409.14,0.19,PayPal,1325.6136,2024-08,1325.6136
2024-08-20,68ef83d6,Home,Novel,4,335.95,0.16,Credit Card,1128.792,2024-08,1128.792
2024-08-21,c765efe9,Books,Board Game,4,266.3,0.13,PayPal,926.724,2024-08,926.724
2024-08-22,6b9c19a2,Clothing,Novel,4,185.83,0.04,Credit Card,713.5872,2024-08,713.5872
2024-08-23,cfd59331,Electronics,Laptop,4,439.83,0.27,PayPal,1284.3036,2024-08,1284.3036
2024-08-24,fadaf0f2,Toys,Laptop,2,202.3,0.13,Credit Card,352.002,2024-08,352.002
2024-08-25,463b26c7,Clothing,Vacuum,2,410.13,0.06,PayPal,771.0444,2024-08,771.0444
2024-08-26,a7b7cac4,Home,Shoes,3,225.18,0.11,Credit Card,601.2306,2024-08,601.2306
2024-08-27,a965f2eb,Books,Shoes,4,194.7,0.12,Bank Transfer,685.3439999999999,2024-08,685.3439999999999
2024-08-28,3348343f,Home,Laptop,2,236.71,0.25,Bank Transfer,355.065,2024-08,355.065
2024-08-29,62b3d93a,Home,Vacuum,3,157.68,0.22,Bank Transfer,368.9712,2024-08,368.9712
2024-08-30,b9680115,Home,Shoes,4,376.33,0.23,PayPal,1159.0964,2024-08,1159.0964
2024-08-31,7ca7688c,Toys,Vacuum,1,256.33,0.0,Credit Card,256.33,2024-08,256.33
2024-09-01,1bbd250d,Clothing,Laptop,3,123.78,0.12,PayPal,326.7792,2024-09,326.7792
2024-09-02,afc97ccc,Books,Board Game,2,450.79,0.14,Credit Card,775.3588,2024-09,775.3588
2024-09-03,a0d0a33f,Clothing,Laptop,1,198.11,0.01,Credit Card,196.1289,2024-09,196.1289
2024-09-04,b622995f,Clothing,Board Game,1,276.34,0.08,PayPal,254.2328,2024-09,254.2328
2024-09-05,ff70d650,Books,Board Game,1,454.17,0.23,Credit Card,349.7109,2024-09,349.7109
2024-09-06,0975ab0d,Clothing,Novel,3,315.88,0.04,PayPal,909.7343999999999,2024-09,909.7343999999999
2024-09-07,907f76e3,Clothing,Vacuum,2,67.28,0.16,PayPal,113.0304,2024-09,113.0304
2024-09-08,9a0b74bd,Books,Vacuum,1,470.52,0.06,PayPal,442.2888,2024-09,442.2888
2024-09-09,e5cd5419,Electronics,Vacuum,4,317.58,0.0,Credit Card,1270.32,2024-09,1270.32
2024-09-10,9b21737f,Home,Novel,1,174.1,0.07,Credit Card,161.913,2024-09,161.913
2024-09-11,3ab2c0b3,Toys,Board Game,1,78.24,0.29,Credit Card,55.5504,2024-09,55.5504
2024-09-12,f0d400c9,Toys,Vacuum,3,399.07,0.24,PayPal,909.8796,2024-09,909.8796
2024-09-13,42445a4b,Electronics,Board Game,3,313.84,0.29,PayPal,668.4792,2024-09,668.4792
2024-09-14,90d00abf,Clothing,Novel,2,271.4,0.15,Credit Card,461.3799999999999,2024-09,461.3799999999999
2024-09-15,da356a9b,Clothing,Shoes,4,448.01,0.03,Credit Card,1738.2788,2024-09,1738.2788
2024-09-16,34241ed2,Toys,Vacuum,3,396.41,0.16,Credit Card,998.9531999999999,2024-09,998.9531999999999
2024-09-17,0c2ab730,Toys,Laptop,1,84.32,0.14,Bank Transfer,72.5152,2024-09,72.5152
2024-09-18,9629f6e0,Toys,Laptop,2,162.74,0.25,Credit Card,244.11,2024-09,244.11
2024-09-19,35261ed1,Clothing,Laptop,1,131.76,0.03,PayPal,127.8072,2024-09,127.8072
2024-09-20,7e927e9a,Electronics,Board Game,1,374.53,0.15,Bank Transfer,318.3505,2024-09,318.3505
2024-09-21,3d84d143,Toys,Shoes,3,26.43,0.05,Credit Card,75.32549999999999,2024-09,75.32549999999999
2024-09-22,e3b29d48,Books,Novel,2,289.25,0.1,PayPal,520.65,2024-09,520.65
2024-09-23,9212e795,Books,Vacuum,4,383.6,0.22,Bank Transfer,1196.832,2024-09,1196.832
2024-09-24,5aa855fe,Toys,Laptop,4,439.62,0.14,Bank Transfer,1512.2928,2024-09,1512.2928
2024-09-25,64ef2632,Books,Shoes,3,177.62,0.11,Bank Transfer,474.2454,2024-09,474.2454
2024-09-26,d3e00357,Electronics,Vacuum,3,412.42,0.12,Credit Card,1088.7888,2024-09,1088.7888
2024-09-27,438f8347,Toys,Vacuum,2,64.21,0.14,Credit Card,110.4412,2024-09,110.4412
2024-09-28,07eabf10,Clothing,Vacuum,4,424.76,0.24,Bank Transfer,1291.2704,2024-09,1291.2704
2024-09-29,3d01533d,Books,Laptop,4,72.47,0.27,Credit Card,211.6124,2024-09,211.6124
2024-09-30,468f8edd,Toys,Shoes,4,204.67,0.29,Credit Card,581.2628,2024-09,581.2628
2024-10-01,c7bb0b7e,Electronics,Shoes,1,400.67,0.24,Bank Transfer,304.5092,2024-10,304.5092
2024-10-02,f4ff95b7,Electronics,Vacuum,4,83.46,0.09,Bank Transfer,303.7944,2024-10,303.7944
2024-10-03,14525f09,Electronics,Shoes,1,122.33,0.21,Credit Card,96.64070000000001,2024-10,96.64070000000001
2024-10-04,c423f1bb,Home,Vacuum,2,363.9,0.13,Bank Transfer,633.1859999999999,2024-10,633.1859999999999
2024-10-05,747eae8a,Clothing,Novel,1,362.82,0.08,PayPal,333.7944,2024-10,333.7944
2024-10-06,b4938e98,Books,Novel,2,324.16,0.25,PayPal,486.24,2024-10,486.24
2024-10-07,393e4d65,Books,Laptop,4,350.03,0.01,Credit Card,1386.1188,2024-10,1386.1188
2024-10-08,aac88c3e,Clothing,Laptop,4,275.93,0.27,PayPal,805.7156,2024-10,805.7156
2024-10-09,223204b4,Books,Novel,2,133.38,0.14,Bank Transfer,229.4136,2024-10,229.4136
2024-10-10,ed63b4f8,Clothing,Shoes,3,179.39,0.19,PayPal,435.9177,2024-10,435.9177
2024-10-11,e59e127e,Home,Novel,2,98.98,0.2,Credit Card,158.368,2024-10,158.368
2024-10-12,616288bd,Toys,Novel,3,455.14,0.27,PayPal,996.7566,2024-10,996.7566
2024-10-13,f2767ea7,Toys,Board Game,1,295.86,0.19,PayPal,239.6466,2024-10,239.6466
2024-10-14,af3a9370,Electronics,Board Game,1,206.42,0.18,PayPal,169.2644,2024-10,169.2644
2024-10-15,0de1cfba,Home,Shoes,1,236.38,0.02,Bank Transfer,231.6524,2024-10,231.6524
2024-10-16,18084a7c,Clothing,Vacuum,4,474.17,0.16,PayPal,1593.2112,2024-10,1593.2112
2024-10-17,d4177d0f,Electronics,Laptop,1,85.14,0.05,Bank Transfer,80.883,2024-10,80.883
2024-10-18,106e2e45,Books,Shoes,3,297.25,0.22,PayPal,695.565,2024-10,695.565
2024-10-19,085ddd8c,Books,Board Game,1,257.89,0.15,Bank Transfer,219.2065,2024-10,219.2065
2024-10-20,ac745f2d,Clothing,Novel,2,309.61,0.2,PayPal,495.376,2024-10,495.376
2024-10-21,57d1a471,Books,Shoes,2,18.87,0.01,Credit Card,37.3626,2024-10,37.3626
2024-10-22,f186be73,Home,Vacuum,4,437.34,0.03,Bank Transfer,1696.8792,2024-10,1696.8792
2024-10-23,cceb441d,Home,Board Game,2,466.74,0.21,Bank Transfer,737.4492,2024-10,737.4492
2024-10-24,85cfbb07,Electronics,Shoes,3,286.92,0.02,Bank Transfer,843.5448,2024-10,843.5448
2024-10-25,6c22c2b6,Electronics,Shoes,1,351.36,0.02,PayPal,344.3328,2024-10,344.3328
2024-10-26,c0171fc7,Toys,Novel,4,462.02,0.0,PayPal,1848.08,2024-10,1848.08
2024-10-27,fcc64159,Toys,Board Game,1,356.55,0.29,PayPal,253.1505,2024-10,253.1505
2024-10-28,dd886f79,Home,Novel,1,84.74,0.22,Credit Card,66.0972,2024-10,66.0972
2024-10-29,36649fcf,Toys,Board Game,3,292.38,0.11,PayPal,780.6546,2024-10,780.6546
2024-10-30,3f46adbb,Home,Novel,2,307.29,0.09,Bank Transfer,559.2678000000001,2024-10,559.2678000000001
2024-10-31,c5679a33,Electronics,Novel,2,217.82,0.1,Bank Transfer,392.076,2024-10,392.076
2024-11-01,45f042df,Electronics,Vacuum,1,370.86,0.23,Credit Card,285.5622,2024-11,285.5622
2024-11-02,7f2c9b07,Clothing,Novel,4,467.84,0.2,Bank Transfer,1497.088,2024-11,1497.088
2024-11-03,92b16d1e,Toys,Vacuum,2,463.53,0.06,PayPal,871.4363999999999,2024-11,871.4363999999999
2024-11-04,38bfe149,Books,Shoes,4,230.91,0.05,PayPal,877.458,2024-11,877.458
2024-11-05,ebf9b0b0,Toys,Shoes,2,65.49,0.03,PayPal,127.0506,2024-11,127.0506
2024-11-06,23e529fd,Toys,Laptop,4,492.57,0.2,Bank Transfer,1576.224,2024-11,1576.224
2024-11-07,bd6076b7,Clothing,Shoes,3,421.06,0.23,Bank Transfer,972.6486000000001,2024-11,972.6486000000001
2024-11-08,a1ce0a27,Clothing,Board Game,4,71.08,0.08,PayPal,261.5744,2024-11,261.5744
2024-11-09,8807d73d,Electronics,Vacuum,3,461.21,0.01,Bank Transfer,1369.7937,2024-11,1369.7937
2024-11-10,d86c14a0,Books,Shoes,3,436.25,0.02,PayPal,1282.575,2024-11,1282.575
2024-11-11,3af66e60,Toys,Laptop,4,264.23,0.29,Bank Transfer,750.4132,2024-11,750.4132
2024-11-12,ef7ec416,Home,Laptop,3,299.72,0.09,PayPal,818.2356000000001,2024-11,818.2356000000001
2024-11-13,b3868343,Books,Board Game,1,205.51,0.23,PayPal,158.2427,2024-11,158.2427
2024-11-14,609c1568,Electronics,Laptop,3,36.83,0.19,Credit Card,89.4969,2024-11,89.4969
2024-11-15,86d492ad,Toys,Novel,2,174.25,0.11,Bank Transfer,310.165,2024-11,310.165
2024-11-16,6259b857,Toys,Board Game,4,403.4,0.06,PayPal,1516.784,2024-11,1516.784
2024-11-17,5fead32e,Toys,Board Game,1,12.27,0.04,PayPal,11.7792,2024-11,11.7792
2024-11-18,0eda6f46,Toys,Laptop,4,173.41,0.18,PayPal,568.7848,2024-11,568.7848
2024-11-19,00fa2a82,Toys,Shoes,2,205.1,0.23,Credit Card,315.854,2024-11,315.854
2024-11-20,dfafb545,Electronics,Novel,2,273.32,0.19,Bank Transfer,442.7784,2024-11,442.7784
2024-11-21,c93855aa,Books,Laptop,2,460.73,0.16,Bank Transfer,774.0264,2024-11,774.0264
2024-11-22,cda18c29,Clothing,Shoes,3,179.71,0.01,PayPal,533.7387,2024-11,533.7387
2024-11-23,be953c6c,Toys,Laptop,3,180.01,0.29,Bank Transfer,383.4213,2024-11,383.4213
2024-11-24,c6e0da38,Toys,Board Game,4,371.38,0.24,Bank Transfer,1128.9952,2024-11,1128.9952
2024-11-25,a43904d9,Toys,Novel,4,231.59,0.09,PayPal,842.9876,2024-11,842.9876
2024-11-26,9de22df9,Toys,Board Game,1,120.06,0.29,Credit Card,85.2426,2024-11,85.2426
2024-11-27,d41e9019,Clothing,Laptop,1,231.7,0.18,Credit Card,189.994,2024-11,189.994
2024-11-28,10ad16b6,Books,Vacuum,4,79.02,0.17,PayPal,262.3464,2024-11,262.3464
2024-11-29,501e8dbf,Electronics,Vacuum,3,96.43,0.22,PayPal,225.6462,2024-11,225.6462
2024-11-30,183a70e1,Toys,Novel,2,254.2,0.24,PayPal,386.384,2024-11,386.384
2024-12-01,7f263c82,Toys,Shoes,4,215.27,0.2,PayPal,688.864,2024-12,688.864
2024-12-02,4a4e1941,Clothing,Vacuum,1,458.27,0.04,PayPal,439.9392,2024-12,439.9392
2024-12-03,29fe1311,Toys,Shoes,3,187.57,0.1,PayPal,506.439,2024-12,506.439
2024-12-04,c5f0ae03,Home,Novel,4,294.49,0.28,Bank Transfer,848.1312,2024-12,848.1312
2024-12-05,0434133e,Clothing,Vacuum,4,319.81,0.07,PayPal,1189.6932,2024-12,1189.6932
2024-12-06,ce842f58,Books,Vacuum,3,16.42,0.11,PayPal,43.84140000000001,2024-12,43.84140000000001
2024-12-07,2af29533,Clothing,Shoes,4,335.13,0.13,PayPal,1166.2524,2024-12,1166.2524
2024-12-08,3b63cdb2,Electronics,Board Game,3,97.24,0.13,Credit Card,253.7964,2024-12,253.7964
2024-12-09,47bc2a3f,Electronics,Vacuum,2,480.92,0.18,Credit Card,788.7088000000001,2024-12,788.7088000000001
2024-12-10,a7168fc2,Clothing,Board Game,3,82.84,0.28,PayPal,178.9344,2024-12,178.9344
2024-12-11,c3d70e09,Toys,Shoes,3,213.17,0.07,Bank Transfer,594.7443,2024-12,594.7443
2024-12-12,2df38a51,Toys,Board Game,3,51.82,0.04,Credit Card,149.2416,2024-12,149.2416
2024-12-13,fc586cdd,Clothing,Board Game,4,498.47,0.06,Bank Transfer,1874.2472,2024-12,1874.2472
2024-12-14,1827babd,Books,Vacuum,4,256.08,0.27,Credit Card,747.7535999999999,2024-12,747.7535999999999
2024-12-15,caad0ff9,Clothing,Shoes,3,301.74,0.19,Credit Card,733.2282,2024-12,733.2282
2024-12-16,35e75546,Toys,Shoes,4,42.87,0.09,PayPal,156.0468,2024-12,156.0468
2024-12-17,3f9c2ecd,Home,Vacuum,1,377.48,0.24,Credit Card,286.8848,2024-12,286.8848
2024-12-18,d821b7a3,Toys,Board Game,1,112.85,0.26,PayPal,83.509,2024-12,83.509
2024-12-19,4e3c3e5a,Electronics,Board Game,4,450.05,0.25,PayPal,1350.15,2024-12,1350.15
2024-12-20,2074973a,Toys,Board Game,4,110.52,0.28,PayPal,318.2976,2024-12,318.2976
2024-12-21,569be97b,Electronics,Laptop,3,103.44,0.08,Bank Transfer,285.4944,2024-12,285.4944
2024-12-22,ddbb9881,Toys,Shoes,2,27.91,0.23,Credit Card,42.9814,2024-12,42.9814
2024-12-23,3889701f,Clothing,Novel,4,241.31,0.14,Credit Card,830.1064,2024-12,830.1064
2024-12-24,fe3e3368,Electronics,Board Game,1,286.77,0.25,Bank Transfer,215.0775,2024-12,215.0775
2024-12-25,991f0898,Home,Vacuum,3,42.2,0.22,Credit Card,98.748,2024-12,98.748
2024-12-26,f3fa1c19,Books,Laptop,4,390.01,0.23,Bank Transfer,1201.2308,2024-12,1201.2308
2024-12-27,e625050a,Clothing,Board Game,1,232.11,0.2,PayPal,185.688,2024-12,185.688
2024-12-28,90470977,Books,Board Game,1,266.95,0.05,Bank Transfer,253.6025,2024-12,253.6025
2024-12-29,dc2c4b3b,Home,Shoes,2,225.97,0.16,Credit Card,379.6296,2024-12,379.6296
2024-12-30,7e794593,Clothing,Novel,3,206.37,0.3,Bank Transfer,433.377,2024-12,433.377
2024-12-31,45e48788,Home,Shoes,3,284.22,0.28,Credit Card,613.9152,2024-12,613.9152
2025-01-01,51b61869,Clothing,Board Game,2,86.07,0.01,Credit Card,170.4186,2025-01,170.4186
2025-01-02,b951a75d,Books,Laptop,2,99.14,0.05,Credit Card,188.366,2025-01,188.366
2025-01-03,c6dc53a2,Electronics,Vacuum,3,432.27,0.04,PayPal,1244.9376,2025-01,1244.9376
2025-01-04,c16f05fd,Toys,Board Game,3,473.6,0.22,Bank Transfer,1108.224,2025-01,1108.224
2025-01-05,3f2b278c,Home,Shoes,4,192.92,0.25,Credit Card,578.76,2025-01,578.76
2025-01-06,ad375000,Books,Vacuum,4,142.66,0.06,PayPal,536.4015999999999,2025-01,536.4015999999999
2025-01-07,f74d7402,Books,Shoes,2,325.56,0.15,Credit Card,553.452,2025-01,553.452
2025-01-08,5800c30c,Books,Laptop,4,210.28,0.25,PayPal,630.84,2025-01,630.84
2025-01-09,ce27e768,Clothing,Laptop,1,22.44,0.22,PayPal,17.5032,2025-01,17.5032
2025-01-10,65371a1b,Electronics,Vacuum,4,86.51,0.16,Credit Card,290.6736,2025-01,290.6736
2025-01-11,3cb08b33,Books,Shoes,4,360.83,0.18,PayPal,1183.5224,2025-01,1183.5224
2025-01-12,a6042385,Clothing,Board Game,1,332.87,0.15,Credit Card,282.9395,2025-01,282.9395
2025-01-13,869d8673,Clothing,Shoes,2,23.28,0.09,PayPal,42.36960000000001,2025-01,42.36960000000001
2025-01-14,ecf7dd37,Toys,Laptop,1,118.77,0.17,PayPal,98.5791,2025-01,98.5791
2025-01-15,a35e633d,Books,Board Game,4,123.23,0.21,Bank Transfer,389.4068,2025-01,389.4068
2025-01-16,80afe5e1,Clothing,Board Game,2,339.23,0.26,Credit Card,502.0604,2025-01,502.0604
2025-01-17,a3ae6aff,Clothing,Novel,4,19.66,0.19,Bank Transfer,63.69840000000001,2025-01,63.69840000000001
2025-01-18,48232bb4,Home,Novel,1,61.01,0.23,Bank Transfer,46.9777,2025-01,46.9777
2025-01-19,9e68c186,Home,Laptop,1,401.96,0.05,Credit Card,381.862,2025-01,381.862
2025-01-20,b473ac45,Clothing,Shoes,4,97.49,0.14,Credit Card,335.3656,2025-01,335.3656
2025-01-21,79e9ea7e,Electronics,Board Game,3,329.85,0.0,Bank Transfer,989.5500000000001,2025-01,989.5500000000001
2025-01-22,6fb14f24,Home,Novel,3,126.71,0.07,Credit Card,353.5209,2025-01,353.5209
2025-01-23,97e04df0,Toys,Laptop,1,58.73,0.22,Credit Card,45.8094,2025-01,45.8094
2025-01-24,f922c9e5,Books,Novel,1,129.15,0.3,PayPal,90.405,2025-01,90.405
2025-01-25,cf46a24f,Toys,Vacuum,3,363.91,0.03,Credit Card,1058.9781,2025-01,1058.9781
2025-01-26,c6fbd2f5,Books,Laptop,3,429.29,0.12,Bank Transfer,1133.3256,2025-01,1133.3256
2025-01-27,bfdbbcdc,Clothing,Laptop,4,416.81,0.24,PayPal,1267.1024,2025-01,1267.1024
2025-01-28,24d9c0bc,Home,Shoes,4,204.62,0.06,PayPal,769.3711999999999,2025-01,769.3711999999999
2025-01-29,46f0ff2f,Electronics,Board Game,3,337.36,0.17,PayPal,840.0264,2025-01,840.0264
2025-01-30,0ce0c76c,Clothing,Vacuum,4,110.44,0.22,PayPal,344.5728,2025-01,344.5728
2025-01-31,56c95d03,Home,Novel,4,153.64,0.18,PayPal,503.9392,2025-01,503.9392
2025-02-01,5b0eaae8,Home,Vacuum,2,449.2,0.06,PayPal,844.496,2025-02,844.496
2025-02-02,5cc2cc4f,Books,Laptop,4,16.37,0.11,Bank Transfer,58.27720000000001,2025-02,58.27720000000001
2025-02-03,d88285bd,Home,Shoes,1,51.9,0.24,PayPal,39.444,2025-02,39.444
2025-02-04,81a1e913,Home,Shoes,4,111.86,0.17,Bank Transfer,371.3752,2025-02,371.3752
2025-02-05,ff700661,Clothing,Laptop,4,23.0,0.0,Bank Transfer,92.0,2025-02,92.0
2025-02-06,290b342a,Home,Vacuum,3,98.9,0.23,Credit Card,228.459,2025-02,228.459
2025-02-07,1e6af12e,Toys,Novel,1,295.69,0.01,PayPal,292.7331,2025-02,292.7331
2025-02-08,0eb08ffb,Books,Vacuum,4,216.5,0.22,Credit Card,675.48,2025-02,675.48
2025-02-09,4a878843,Electronics,Laptop,4,447.41,0.06,Credit Card,1682.2616,2025-02,1682.2616
2025-02-10,f20f4797,Electronics,Board Game,2,410.55,0.29,Credit Card,582.981,2025-02,582.981
2025-02-11,001000d6,Home,Vacuum,4,177.49,0.11,Credit Card,631.8644,2025-02,631.8644
2025-02-12,21244797,Books,Laptop,4,137.12,0.1,Credit Card,493.632,2025-02,493.632
2025-02-13,fc85c662,Clothing,Vacuum,2,196.05,0.04,Bank Transfer,376.416,2025-02,376.416
2025-02-14,68445465,Toys,Shoes,3,299.24,0.09,PayPal,816.9252,2025-02,816.9252
2025-02-15,d5249d43,Books,Laptop,4,141.35,0.26,PayPal,418.396,2025-02,418.396
2025-02-16,48ba70b8,Books,Vacuum,2,315.83,0.3,Credit Card,442.162,2025-02,442.162
2025-02-17,0ccff508,Clothing,Novel,1,210.61,0.11,PayPal,187.4429,2025-02,187.4429
2025-02-18,e2bb6fa6,Electronics,Shoes,3,280.5,0.13,Credit Card,732.105,2025-02,732.105
2025-02-19,6805ba70,Electronics,Vacuum,1,223.7,0.22,PayPal,174.486,2025-02,174.486
2025-02-20,fb74d52a,Clothing,Novel,1,154.29,0.27,Bank Transfer,112.6317,2025-02,112.6317
2025-02-21,c045465c,Home,Laptop,2,474.74,0.18,PayPal,778.5736,2025-02,778.5736
2025-02-22,d0900736,Toys,Board Game,4,384.17,0.12,Bank Transfer,1352.2784,2025-02,1352.2784
2025-02-23,7e10cdbf,Electronics,Laptop,2,78.66,0.12,PayPal,138.4416,2025-02,138.4416
2025-02-24,09d5dc8b,Home,Vacuum,2,435.55,0.21,PayPal,688.1690000000001,2025-02,688.1690000000001
2025-02-25,d035475a,Books,Vacuum,2,248.84,0.0,Credit Card,497.68,2025-02,497.68
2025-02-26,09840946,Electronics,Board Game,2,448.33,0.19,Credit Card,726.2946000000001,2025-02,726.2946000000001
2025-02-27,4a0d09fd,Books,Vacuum,3,401.93,0.11,PayPal,1073.1531,2025-02,1073.1531
2025-02-28,f689a121,Home,Shoes,4,218.35,0.24,Credit Card,663.784,2025-02,663.784
2025-03-01,8995e4e8,Clothing,Vacuum,1,21.01,0.03,PayPal,20.3797,2025-03,20.3797
2025-03-02,7d3721f6,Books,Novel,1,141.65,0.18,Credit Card,116.153,2025-03,116.153
2025-03-03,a2ca50d5,Electronics,Board Game,4,275.4,0.14,Credit Card,947.3759999999999,2025-03,947.3759999999999
2025-03-04,9f19e7d8,Books,Shoes,1,320.4,0.19,Bank Transfer,259.524,2025-03,259.524
2025-03-05,f2cb261e,Books,Laptop,4,136.36,0.02,Bank Transfer,534.5312,2025-03,534.5312
2025-03-06,588b2614,Electronics,Novel,1,78.28,0.17,PayPal,64.9724,2025-03,64.9724
2025-03-07,9e97a8e7,Home,Shoes,2,419.12,0.17,PayPal,695.7392,2025-03,695.7392
2025-03-08,1de67c3c,Electronics,Novel,1,492.36,0.17,Bank Transfer,408.6588,2025-03,408.6588
2025-03-09,bb3e1f31,Toys,Novel,4,267.59,0.18,PayPal,877.6952,2025-03,877.6952
2025-03-10,ec00e1ff,Home,Novel,4,94.12,0.2,Bank Transfer,301.184,2025-03,301.184
2025-03-11,6dc90078,Electronics,Novel,4,143.43,0.24,PayPal,436.0272000000001,2025-03,436.0272000000001
2025-03-12,20246e90,Clothing,Shoes,4,19.01,0.08,Credit Card,69.95680000000002,2025-03,69.95680000000002
2025-03-13,b79a7695,Toys,Laptop,4,458.01,0.25,Credit Card,1374.03,2025-03,1374.03
2025-03-14,59273461,Home,Vacuum,3,67.7,0.15,Bank Transfer,172.635,2025-03,172.635
2025-03-15,1a16951d,Toys,Board Game,3,292.49,0.02,Credit Card,859.9206,2025-03,859.9206
2025-03-16,f10f5c6a,Books,Laptop,1,144.29,0.02,Credit Card,141.4042,2025-03,141.4042
2025-03-17,5de008ba,Toys,Novel,4,281.55,0.1,PayPal,1013.58,2025-03,1013.58
2025-03-18,5d664720,Home,Vacuum,1,329.2,0.24,Credit Card,250.192,2025-03,250.192
2025-03-19,2d29986c,Toys,Novel,4,416.57,0.21,PayPal,1316.3612,2025-03,1316.3612
2025-03-20,b64230ca,Toys,Novel,4,111.15,0.24,Bank Transfer,337.896,2025-03,337.896
2025-03-21,b482635b,Books,Board Game,3,15.39,0.16,Bank Transfer,38.7828,2025-03,38.7828
2025-03-22,316007d9,Books,Laptop,3,77.07,0.13,PayPal,201.1527,2025-03,201.1527
2025-03-23,5dd93ac4,Home,Novel,2,451.01,0.04,Credit Card,865.9391999999999,2025-03,865.9391999999999
2025-03-24,7d9a20b5,Toys,Vacuum,3,438.21,0.1,Credit Card,1183.167,2025-03,1183.167
2025-03-25,02597d72,Home,Shoes,2,302.73,0.13,Bank Transfer,526.7502000000001,2025-03,526.7502000000001
2025-03-26,12c5b6a3,Toys,Laptop,2,304.25,0.03,Bank Transfer,590.245,2025-03,590.245
2025-03-27,16d1d604,Books,Laptop,2,335.87,0.07,PayPal,624.7181999999999,2025-03,624.7181999999999
2025-03-28,18a0dcc5,Home,Laptop,2,95.93,0.18,Bank Transfer,157.3252,2025-03,157.3252
2025-03-29,46ffbf8e,Clothing,Board Game,2,458.06,0.22,Credit Card,714.5736,2025-03,714.5736
2025-03-30,e48dd228,Clothing,Vacuum,1,215.2,0.3,Bank Transfer,150.64,2025-03,150.64
2025-03-31,2592ce93,Books,Board Game,3,197.74,0.28,PayPal,427.1184,2025-03,427.1184
2025-04-01,3aeb80d0,Books,Vacuum,2,264.27,0.19,Bank Transfer,428.1174,2025-04,428.1174
2025-04-02,c08ede08,Home,Shoes,4,33.01,0.13,Credit Card,114.8748,2025-04,114.8748
2025-04-03,75bc1261,Books,Novel,3,91.48,0.19,Bank Transfer,222.2964,2025-04,222.2964
2025-04-04,156279cc,Clothing,Laptop,3,371.64,0.24,Bank Transfer,847.3392000000001,2025-04,847.3392000000001
2025-04-05,5143abea,Electronics,Shoes,2,50.57,0.04,Credit Card,97.0944,2025-04,97.0944
2025-04-06,fb1ad339,Clothing,Novel,1,305.54,0.12,Bank Transfer,268.8752,2025-04,268.8752
2025-04-07,e7a3b34c,Clothing,Board Game,2,130.22,0.25,PayPal,195.33,2025-04,195.33
2025-04-08,e7e4d5a9,Clothing,Shoes,1,200.75,0.12,PayPal,176.66,2025-04,176.66
2025-04-09,6b729399,Home,Laptop,4,151.46,0.17,Bank Transfer,502.8472,2025-04,502.8472
2025-04-10,9ca2a6fb,Electronics,Shoes,3,184.28,0.18,PayPal,453.3288000000001,2025-04,453.3288000000001
2025-04-11,42831515,Clothing,Board Game,4,362.33,0.06,Bank Transfer,1362.3608,2025-04,1362.3608
2025-04-12,5ae58cec,Books,Novel,1,155.59,0.11,Bank Transfer,138.4751,2025-04,138.4751
2025-04-13,1a3d83c8,Books,Board Game,1,287.54,0.1,Credit Card,258.786,2025-04,258.786
2025-04-14,69ee3414,Electronics,Shoes,4,243.26,0.01,Bank Transfer,963.3095999999999,2025-04,963.3095999999999
2025-04-15,77622574,Home,Board Game,1,335.2,0.01,PayPal,331.848,2025-04,331.848
2025-04-16,e8ff71e5,Home,Vacuum,4,469.05,0.25,PayPal,1407.15,2025-04,1407.15
2025-04-17,c835078b,Home,Vacuum,3,368.96,0.08,Bank Transfer,1018.3296,2025-04,1018.3296
2025-04-18,b1fd71db,Clothing,Board Game,4,115.32,0.16,PayPal,387.4752,2025-04,387.4752
2025-04-19,7ec8f5c0,Home,Vacuum,3,25.28,0.09,Credit Card,69.01440000000001,2025-04,69.01440000000001
2025-04-20,af556bb2,Toys,Board Game,4,138.51,0.28,Credit Card,398.9088,2025-04,398.9088
2025-04-21,8ee75aa7,Home,Novel,1,301.59,0.08,Credit Card,277.4628,2025-04,277.4628
2025-04-22,3a54763c,Books,Laptop,4,35.2,0.13,Credit Card,122.496,2025-04,122.496
2025-04-23,e6f87bfb,Toys,Novel,1,253.22,0.26,Credit Card,187.3828,2025-04,187.3828
2025-04-24,bca2793f,Books,Board Game,4,302.45,0.25,PayPal,907.3499999999999,2025-04,907.3499999999999
2025-04-25,0f690caf,Clothing,Vacuum,4,173.78,0.06,Credit Card,653.4128,2025-04,653.4128
2025-04-26,677f1dc5,Electronics,Shoes,2,387.75,0.24,PayPal,589.38,2025-04,589.38
2025-04-27,6531c0dd,Clothing,Laptop,1,62.23,0.14,Credit Card,53.51779999999999,2025-04,53.51779999999999
2025-04-28,ad4eb5dd,Books,Novel,2,46.82,0.14,Bank Transfer,80.5304,2025-04,80.5304
2025-04-29,c27fa86b,Toys,Shoes,1,366.81,0.04,Credit Card,352.1376,2025-04,352.1376
2025-04-30,3eccf21c,Toys,Novel,2,252.79,0.02,Credit Card,495.4684,2025-04,495.4684
2025-05-01,467bd706,Home,Vacuum,3,347.32,0.22,Bank Transfer,812.7288000000001,2025-05,812.7288000000001
2025-05-02,78538c52,Books,Novel,4,223.07,0.15,Bank Transfer,758.438,2025-05,758.438
2025-05-03,0b358c14,Home,Shoes,1,130.74,0.13,Bank Transfer,113.7438,2025-05,113.7438
2025-05-04,9e848ad9,Books,Laptop,1,411.36,0.22,Credit Card,320.8608,2025-05,320.8608
2025-05-05,faedba85,Clothing,Board Game,4,401.71,0.23,Bank Transfer,1237.2668,2025-05,1237.2668
2025-05-06,2a7a31bf,Clothing,Shoes,1,350.4,0.05,Bank Transfer,332.8799999999999,2025-05,332.8799999999999
2025-05-07,1d61c4ae,Home,Board Game,1,143.35,0.18,Bank Transfer,117.547,2025-05,117.547
2025-05-08,07da7b6b,Electronics,Shoes,2,299.21,0.04,Bank Transfer,574.4831999999999,2025-05,574.4831999999999
2025-05-09,b0358fce,Clothing,Board Game,1,186.88,0.23,Bank Transfer,143.8976,2025-05,143.8976
2025-05-10,f9c04fe6,Books,Board Game,3,54.88,0.2,Credit Card,131.712,2025-05,131.712
2025-05-11,7d3b8f8c,Home,Laptop,3,459.48,0.29,Bank Transfer,978.6924,2025-05,978.6924
2025-05-12,feaaf6cb,Electronics,Novel,4,77.04,0.02,Credit Card,301.9968,2025-05,301.9968
2025-05-13,c9f53128,Home,Shoes,1,475.62,0.02,Bank Transfer,466.1076,2025-05,466.1076
2025-05-14,03683036,Electronics,Board Game,4,228.54,0.08,Bank Transfer,841.0272,2025-05,841.0272
2025-05-15,e536be6a,Books,Novel,3,100.72,0.08,Bank Transfer,277.9872,2025-05,277.9872
2025-05-16,c60280cf,Electronics,Board Game,1,275.53,0.07,Bank Transfer,256.2429,2025-05,256.2429
2025-05-17,3229565e,Clothing,Laptop,1,437.74,0.27,PayPal,319.5502,2025-05,319.5502
2025-05-18,425cb5d5,Home,Novel,4,368.79,0.07,PayPal,1371.8988,2025-05,1371.8988
2025-05-19,3bb642d7,Electronics,Novel,3,405.21,0.08,Credit Card,1118.3796,2025-05,1118.3796
2025-05-20,07b99cab,Books,Laptop,1,332.8,0.23,PayPal,256.256,2025-05,256.256
2025-05-21,365481a4,Electronics,Laptop,4,349.22,0.13,PayPal,1215.2856,2025-05,1215.2856
2025-05-22,e2769b34,Home,Novel,3,426.11,0.23,PayPal,984.3140999999999,2025-05,984.3140999999999
2025-05-23,fff9506f,Electronics,Shoes,4,132.34,0.02,Bank Transfer,518.7728,2025-05,518.7728
2025-05-24,91949118,Clothing,Shoes,2,249.82,0.15,Credit Card,424.694,2025-05,424.694
2025-05-25,2e20d8b0,Clothing,Vacuum,1,118.39,0.01,PayPal,117.2061,2025-05,117.2061
2025-05-26,5ee3d480,Clothing,Novel,2,493.96,0.02,Credit Card,968.1615999999999,2025-05,968.1615999999999
2025-05-27,12fe8f22,Books,Novel,3,472.59,0.27,Bank Transfer,1034.9721,2025-05,1034.9721
2025-05-28,329b6892,Clothing,Board Game,2,29.32,0.04,PayPal,56.2944,2025-05,56.2944
2025-05-29,2f36549c,Books,Shoes,2,355.73,0.16,Bank Transfer,597.6264,2025-05,597.6264
2025-05-30,cb3c289b,Toys,Novel,3,463.37,0.12,Credit Card,1223.2968,2025-05,1223.2968
2025-05-31,a6a96466,Clothing,Vacuum,4,98.48,0.1,Credit Card,354.528,2025-05,354.528
2025-06-01,f3895a81,Electronics,Vacuum,2,288.29,0.27,Bank Transfer,420.9034,2025-06,420.9034
2025-06-02,31c2d065,Electronics,Shoes,4,458.59,0.01,Bank Transfer,1816.0164,2025-06,1816.0164
2025-06-03,7a29606c,Home,Novel,2,26.63,0.2,Bank Transfer,42.608,2025-06,42.608
2025-06-04,687ab847,Toys,Shoes,4,351.74,0.29,PayPal,998.9416,2025-06,998.9416
2025-06-05,c5de8eb0,Clothing,Laptop,3,155.7,0.17,PayPal,387.6929999999999,2025-06,387.6929999999999
2025-06-06,3ef56750,Books,Novel,2,462.95,0.28,PayPal,666.6479999999999,2025-06,666.6479999999999
2025-06-07,86b17fe8,Books,Vacuum,3,485.82,0.02,Credit Card,1428.3108,2025-06,1428.3108
2025-06-08,08c4f75c,Books,Shoes,2,472.69,0.13,PayPal,822.4806,2025-06,822.4806
2025-06-09,1787cc6c,Books,Vacuum,3,242.36,0.08,Credit Card,668.9136000000001,2025-06,668.9136000000001
2025-06-10,f2de916f,Toys,Shoes,3,432.4,0.22,PayPal,1011.816,2025-06,1011.816
2025-06-11,27c4117b,Electronics,Shoes,2,423.83,0.29,Credit Card,601.8385999999999,2025-06,601.8385999999999
2025-06-12,ac54ccc3,Electronics,Vacuum,2,166.36,0.08,Credit Card,306.1024,2025-06,306.1024
2025-06-13,11cf959e,Electronics,Board Game,2,416.17,0.2,Bank Transfer,665.8720000000001,2025-06,665.8720000000001
2025-06-14,d9792c31,Electronics,Shoes,1,28.13,0.06,PayPal,26.4422,2025-06,26.4422
2025-06-15,c16263c5,Books,Board Game,4,302.17,0.17,PayPal,1003.2044,2025-06,1003.2044
2025-06-16,6346f522,Home,Vacuum,1,122.7,0.14,PayPal,105.522,2025-06,105.522
2025-06-17,68a9011d,Clothing,Laptop,1,69.08,0.29,PayPal,49.0468,2025-06,49.0468
2025-06-18,ad72b9a3,Books,Board Game,3,47.71,0.18,PayPal,117.3666,2025-06,117.3666
2025-06-19,177be934,Books,Vacuum,2,351.18,0.1,Bank Transfer,632.124,2025-06,632.124
2025-06-20,54bcf36c,Electronics,Board Game,4,176.54,0.03,Credit Card,684.9752,2025-06,684.9752
2025-06-21,7190d6fa,Books,Vacuum,3,365.14,0.05,Credit Card,1040.649,2025-06,1040.649
2025-06-22,639320a9,Books,Laptop,1,42.02,0.07,Bank Transfer,39.0786,2025-06,39.0786
2025-06-23,7d48f0b5,Electronics,Novel,2,164.49,0.08,PayPal,302.6616,2025-06,302.6616
2025-06-24,e5628e81,Toys,Board Game,3,274.35,0.26,Credit Card,609.057,2025-06,609.057
2025-06-25,4f96e1b7,Toys,Shoes,2,397.45,0.17,Bank Transfer,659.7669999999999,2025-06,659.7669999999999
2025-06-26,0b3d0871,Electronics,Shoes,3,166.19,0.16,PayPal,418.7988,2025-06,418.7988
2025-06-27,1bc8d928,Electronics,Laptop,2,316.69,0.03,Credit Card,614.3786,2025-06,614.3786
2025-06-28,54bf1e1c,Clothing,Vacuum,1,444.13,0.26,Bank Transfer,328.6562,2025-06,328.6562
2025-06-29,355a0cfa,Books,Board Game,4,311.77,0.22,Credit Card,972.7224,2025-06,972.7224
2025-06-30,a927d17b,Toys,Board Game,1,124.15,0.02,Bank Transfer,121.667,2025-06,121.667
2025-07-01,a9d5a4d2,Clothing,Novel,4,21.96,0.21,Credit Card,69.3936,2025-07,69.3936
2025-07-02,a4195f9f,Books,Board Game,2,436.35,0.16,PayPal,733.068,2025-07,733.068
2025-07-03,e3cb83fa,Electronics,Novel,3,20.42,0.02,Credit Card,60.0348,2025-07,60.0348
2025-07-04,43ea71eb,Books,Novel,1,438.6,0.14,Bank Transfer,377.196,2025-07,377.196
2025-07-05,4a6ebb71,Books,Vacuum,4,269.18,0.15,Credit Card,915.212,2025-07,915.212
2025-07-06,8a1a4b37,Electronics,Laptop,1,470.14,0.05,PayPal,446.633,2025-07,446.633
2025-07-07,a6934be9,Books,Shoes,4,401.4,0.28,Credit Card,1156.032,2025-07,1156.032
2025-07-08,01731786,Toys,Laptop,1,498.99,0.25,PayPal,374.2425,2025-07,374.2425
2025-07-09,aa4c3c53,Books,Novel,4,181.85,0.2,Bank Transfer,581.92,2025-07,581.92
2025-07-10,144efd01,Electronics,Laptop,4,385.92,0.14,Credit Card,1327.5648,2025-07,1327.5648
2025-07-11,24f44223,Toys,Vacuum,2,206.95,0.12,PayPal,364.232,2025-07,364.232
2025-07-12,362377be,Books,Shoes,4,245.14,0.2,Credit Card,784.448,2025-07,784.448
2025-07-13,4eac1165,Clothing,Board Game,2,317.48,0.16,Bank Transfer,533.3664,2025-07,533.3664
2025-07-14,4340c4b3,Home,Vacuum,4,438.1,0.02,Credit Card,1717.352,2025-07,1717.352
2025-07-15,6dfa77a6,Clothing,Novel,3,492.2,0.15,PayPal,1255.11,2025-07,1255.11
2025-07-16,74c76ffd,Home,Laptop,3,386.45,0.24,Bank Transfer,881.106,2025-07,881.106
2025-07-17,57c24bbe,Clothing,Shoes,3,214.71,0.14,Credit Card,553.9517999999999,2025-07,553.9517999999999
2025-07-18,3bc05c5d,Toys,Board Game,4,216.46,0.02,PayPal,848.5232,2025-07,848.5232
2025-07-19,06ebf961,Toys,Novel,2,371.42,0.24,Credit Card,564.5584,2025-07,564.5584
2025-07-20,b7613951,Electronics,Vacuum,2,127.0,0.06,Credit Card,238.76,2025-07,238.76
2025-07-21,58eedd73,Toys,Novel,4,64.13,0.08,Bank Transfer,235.9984,2025-07,235.9984
2025-07-22,2e726a07,Books,Board Game,3,183.76,0.05,Credit Card,523.7159999999999,2025-07,523.7159999999999
2025-07-23,2927ee5e,Toys,Laptop,3,150.75,0.1,Bank Transfer,407.025,2025-07,407.025
2025-07-24,b278120c,Books,Board Game,2,155.19,0.23,Bank Transfer,238.9926,2025-07,238.9926
2025-07-25,e2380e6a,Home,Novel,3,124.47,0.16,Bank Transfer,313.6643999999999,2025-07,313.6643999999999
2025-07-26,b62aa9c8,Books,Vacuum,1,30.63,0.06,PayPal,28.7922,2025-07,28.7922
2025-07-27,31c3c564,Toys,Novel,2,18.76,0.26,Credit Card,27.7648,2025-07,27.7648
2025-07-28,9edd630a,Clothing,Shoes,3,493.98,0.26,Credit Card,1096.6356,2025-07,1096.6356
2025-07-29,f78f4c09,Toys,Board Game,2,219.61,0.26,PayPal,325.0228,2025-07,325.0228
2025-07-30,11b776e7,Home,Novel,1,198.32,0.07,Bank Transfer,184.4376,2025-07,184.4376
2025-07-31,a3ee38ac,Home,Novel,2,343.03,0.14,Credit Card,590.0115999999999,2025-07,590.0115999999999
2025-08-01,156e205c,Home,Laptop,2,116.94,0.3,Credit Card,163.716,2025-08,163.716
2025-08-02,f15829c1,Books,Board Game,2,475.48,0.23,Bank Transfer,732.2392000000001,2025-08,732.2392000000001
2025-08-03,327604e3,Clothing,Vacuum,2,395.31,0.01,Credit Card,782.7138,2025-08,782.7138
2025-08-04,f0ec06be,Toys,Board Game,1,53.81,0.02,Bank Transfer,52.7338,2025-08,52.7338
2025-08-05,cc49e4a2,Toys,Laptop,4,214.61,0.14,Bank Transfer,738.2584,2025-08,738.2584
2025-08-06,96c9c8ed,Electronics,Laptop,2,440.77,0.27,Credit Card,643.5242,2025-08,643.5242
2025-08-07,29a70e7f,Toys,Laptop,2,472.92,0.16,Bank Transfer,794.5056,2025-08,794.5056
2025-08-08,f3e64076,Clothing,Laptop,3,239.03,0.15,Credit Card,609.5265,2025-08,609.5265
2025-08-09,33df84b0,Home,Shoes,2,310.57,0.03,PayPal,602.5058,2025-08,602.5058
2025-08-10,f0cb9112,Books,Novel,3,91.85,0.2,Credit Card,220.44,2025-08,220.44
2025-08-11,205c06d5,Clothing,Shoes,4,495.67,0.25,PayPal,1487.01,2025-08,1487.01
2025-08-12,6456ea2a,Electronics,Board Game,1,123.52,0.11,PayPal,109.9328,2025-08,109.9328
2025-08-13,fc3bf23c,Toys,Board Game,1,471.94,0.23,Bank Transfer,363.3938,2025-08,363.3938
2025-08-14,9fd468cc,Electronics,Board Game,4,328.33,0.29,PayPal,932.4572,2025-08,932.4572
2025-08-15,3788502a,Clothing,Shoes,1,307.79,0.06,Credit Card,289.3226,2025-08,289.3226
2025-08-16,32f5f68c,Books,Novel,4,261.22,0.16,PayPal,877.6992,2025-08,877.6992
2025-08-17,7a782682,Clothing,Vacuum,4,123.03,0.09,Bank Transfer,447.8292,2025-08,447.8292
2025-08-18,c2cb72e8,Toys,Laptop,4,96.5,0.24,Bank Transfer,293.36,2025-08,293.36
2025-08-19,553c5e9f,Books,Shoes,1,118.04,0.17,Credit Card,97.9732,2025-08,97.9732
2025-08-20,bbad275b,Clothing,Vacuum,3,101.35,0.19,Credit Card,246.2805,2025-08,246.2805
2025-08-21,26ef2c32,Electronics,Vacuum,4,392.0,0.24,Bank Transfer,1191.68,2025-08,1191.68
2025-08-22,036b71a3,Toys,Laptop,2,181.56,0.12,PayPal,319.5456,2025-08,319.5456
2025-08-23,64af75b6,Electronics,Board Game,1,38.34,0.27,PayPal,27.9882,2025-08,27.9882
2025-08-24,0c90f841,Books,Laptop,4,484.86,0.16,Bank Transfer,1629.1296,2025-08,1629.1296
2025-08-25,98241ca6,Home,Novel,4,443.06,0.05,Credit Card,1683.628,2025-08,1683.628
2025-08-26,172ea05b,Books,Novel,2,464.6,0.21,Credit Card,734.0680000000001,2025-08,734.0680000000001
2025-08-27,75422a07,Books,Novel,3,497.5,0.24,Credit Card,1134.3,2025-08,1134.3
2025-08-28,f438673b,Books,Board Game,3,95.21,0.1,Credit Card,257.067,2025-08,257.067
2025-08-29,45a63e16,Home,Vacuum,3,204.16,0.26,PayPal,453.2352,2025-08,453.2352
2025-08-30,57f2d716,Books,Board Game,4,381.54,0.27,PayPal,1114.0968,2025-08,1114.0968
2025-08-31,193dc44c,Electronics,Laptop,4,351.05,0.08,PayPal,1291.864,2025-08,1291.864
2025-09-01,5e49bb39,Clothing,Laptop,4,85.41,0.3,Bank Transfer,239.148,2025-09,239.148
2025-09-02,00903350,Books,Novel,1,409.76,0.04,Bank Transfer,393.3696,2025-09,393.3696
2025-09-03,f0ef5951,Clothing,Vacuum,2,119.98,0.06,Bank Transfer,225.5624,2025-09,225.5624
2025-09-04,ccebc6a1,Home,Novel,4,119.67,0.06,PayPal,449.9592,2025-09,449.9592
2025-09-05,12eceac6,Home,Novel,2,273.12,0.27,Credit Card,398.7552,2025-09,398.7552
2025-09-06,2ed3870b,Home,Vacuum,2,300.54,0.2,PayPal,480.864,2025-09,480.864
2025-09-07,3c17d6e0,Home,Novel,3,294.24,0.05,PayPal,838.584,2025-09,838.584
2025-09-08,8421bc41,Books,Vacuum,1,54.83,0.13,Bank Transfer,47.7021,2025-09,47.7021
2025-09-09,37a19512,Clothing,Novel,4,439.96,0.18,Credit Card,1443.0688,2025-09,1443.0688
2025-09-10,a810bfa9,Books,Shoes,3,140.14,0.03,Credit Card,407.8074,2025-09,407.8074
2025-09-11,43703cfd,Clothing,Board Game,3,73.46,0.26,Bank Transfer,163.0812,2025-09,163.0812
2025-09-12,61469e21,Clothing,Vacuum,4,445.49,0.24,Bank Transfer,1354.2896,2025-09,1354.2896
2025-09-13,6abab6d3,Electronics,Board Game,2,478.27,0.15,PayPal,813.059,2025-09,813.059
2025-09-14,c88ef1e4,Electronics,Novel,3,432.44,0.29,Credit Card,921.0971999999999,2025-09,921.0971999999999
2025-09-15,5677804f,Electronics,Shoes,2,406.66,0.13,PayPal,707.5884000000001,2025-09,707.5884000000001
2025-09-16,127feb15,Home,Laptop,1,331.07,0.3,PayPal,231.749,2025-09,231.749
2025-09-17,6a06996a,Books,Laptop,2,279.92,0.2,PayPal,447.8720000000001,2025-09,447.8720000000001
2025-09-18,91914814,Electronics,Vacuum,1,52.62,0.19,Bank Transfer,42.6222,2025-09,42.6222
2025-09-19,ccb42717,Clothing,Vacuum,2,210.14,0.05,Bank Transfer,399.266,2025-09,399.266
2025-09-20,d469333a,Home,Shoes,3,192.62,0.26,Bank Transfer,427.6164,2025-09,427.6164
2025-09-21,f1f57915,Books,Novel,3,137.28,0.13,Credit Card,358.3008,2025-09,358.3008
2025-09-22,31194c9d,Toys,Shoes,1,364.48,0.05,Bank Transfer,346.256,2025-09,346.256
2025-09-23,0659465b,Home,Novel,4,252.98,0.0,PayPal,1011.92,2025-09,1011.92
2025-09-24,b7af029c,Clothing,Novel,1,49.71,0.17,PayPal,41.2593,2025-09,41.2593
2025-09-25,75fd0468,Electronics,Board Game,1,117.89,0.16,Bank Transfer,99.02759999999999,2025-09,99.02759999999999
2025-09-26,109c3713,Electronics,Board Game,2,344.8,0.22,Bank Transfer,537.888,2025-09,537.888
2025-09-27,cf274015,Clothing,Laptop,2,47.3,0.27,Bank Transfer,69.05799999999999,2025-09,69.05799999999999
2025-09-28,de5522a3,Electronics,Shoes,1,427.09,0.02,Bank Transfer,418.5482,2025-09,418.5482
2025-09-29,52f9de0d,Electronics,Vacuum,3,252.62,0.22,Credit Card,591.1308,2025-09,591.1308
2025-09-30,194d07ca,Home,Shoes,2,245.49,0.06,Credit Card,461.5212,2025-09,461.5212
2025-10-01,55b2622d,Clothing,Vacuum,4,300.28,0.26,Credit Card,888.8287999999999,2025-10,888.8287999999999
2025-10-02,4da4ecaf,Toys,Shoes,2,414.09,0.25,Credit Card,621.135,2025-10,621.135
2025-10-03,477c03d8,Home,Shoes,2,180.43,0.16,Credit Card,303.1224,2025-10,303.1224
2025-10-04,fe488763,Books,Laptop,4,342.23,0.21,Bank Transfer,1081.4468,2025-10,1081.4468
2025-10-05,0fec6abd,Electronics,Shoes,1,287.21,0.09,PayPal,261.3611,2025-10,261.3611
2025-10-06,1d76e9a3,Toys,Shoes,4,140.84,0.14,PayPal,484.4896,2025-10,484.4896
2025-10-07,a8d14420,Home,Novel,1,440.53,0.25,PayPal,330.3975,2025-10,330.3975
2025-10-08,9f0cb124,Toys,Shoes,1,400.74,0.14,PayPal,344.6364,2025-10,344.6364
2025-10-09,4a0558eb,Home,Board Game,1,332.64,0.11,Bank Transfer,296.0496,2025-10,296.0496
2025-10-10,54ba50e3,Home,Laptop,4,426.79,0.15,Credit Card,1451.086,2025-10,1451.086
2025-10-11,8da05c56,Home,Shoes,1,434.97,0.25,PayPal,326.2275,2025-10,326.2275
2025-10-12,d7644897,Electronics,Vacuum,3,357.1,0.1,PayPal,964.1700000000002,2025-10,964.1700000000002
2025-10-13,ca7d6223,Electronics,Shoes,4,420.14,0.05,Credit Card,1596.532,2025-10,1596.532
2025-10-14,7d9e6403,Toys,Novel,3,351.76,0.21,Credit Card,833.6712,2025-10,833.6712
2025-10-15,2fdfd971,Home,Vacuum,1,343.27,0.25,PayPal,257.4525,2025-10,257.4525
2025-10-16,2e15672b,Toys,Vacuum,2,313.12,0.03,Credit Card,607.4528,2025-10,607.4528
2025-10-17,17af595c,Home,Vacuum,1,378.83,0.07,Bank Transfer,352.3119,2025-10,352.3119
2025-10-18,ad9ec4b8,Electronics,Shoes,3,87.72,0.04,PayPal,252.6336,2025-10,252.6336
2025-10-19,5b1dbedd,Books,Laptop,3,441.63,0.1,PayPal,1192.401,2025-10,1192.401
2025-10-20,9f65bbe5,Electronics,Board Game,4,437.2,0.14,PayPal,1503.968,2025-10,1503.968
2025-10-21,39497806,Electronics,Vacuum,2,24.33,0.22,Bank Transfer,37.9548,2025-10,37.9548
2025-10-22,06abba80,Home,Board Game,4,414.65,0.2,Bank Transfer,1326.88,2025-10,1326.88
2025-10-23,b2d0a1a1,Clothing,Shoes,3,73.15,0.19,Credit Card,177.7545,2025-10,177.7545
2025-10-24,907721c4,Toys,Shoes,1,174.21,0.11,Bank Transfer,155.0469,2025-10,155.0469
2025-10-25,056a9ca1,Electronics,Laptop,2,374.32,0.25,Bank Transfer,561.48,2025-10,561.48
2025-10-26,e40433fe,Books,Vacuum,1,88.77,0.14,Bank Transfer,76.34219999999999,2025-10,76.34219999999999
2025-10-27,bbd041f9,Books,Board Game,1,410.8,0.29,Credit Card,291.668,2025-10,291.668
2025-10-28,c4c23ef4,Books,Novel,2,417.75,0.19,Credit Card,676.755,2025-10,676.755
2025-10-29,e2942f01,Clothing,Vacuum,4,258.66,0.04,PayPal,993.2544,2025-10,993.2544
2025-10-30,0e44dabf,Home,Vacuum,1,13.13,0.2,PayPal,10.504,2025-10,10.504
2025-10-31,30ba4c15,Home,Board Game,3,150.65,0.1,PayPal,406.7550000000001,2025-10,406.7550000000001
2025-11-01,d0a3e75c,Home,Vacuum,1,312.29,0.21,Credit Card,246.7091,2025-11,246.7091
2025-11-02,613bc81c,Toys,Board Game,2,490.78,0.02,Bank Transfer,961.9287999999999,2025-11,961.9287999999999
2025-11-03,7891d005,Toys,Novel,2,319.59,0.05,Bank Transfer,607.2209999999999,2025-11,607.2209999999999
2025-11-04,801ff417,Clothing,Novel,2,137.3,0.26,Credit Card,203.204,2025-11,203.204
2025-11-05,3e1f6a15,Books,Shoes,4,320.66,0.07,Bank Transfer,1192.8552,2025-11,1192.8552
2025-11-06,b6925f6e,Books,Vacuum,1,274.59,0.25,Bank Transfer,205.9425,2025-11,205.9425
2025-11-07,50fafc3f,Books,Vacuum,4,392.12,0.08,Credit Card,1443.0016,2025-11,1443.0016
2025-11-08,7068b162,Toys,Laptop,4,62.42,0.19,Bank Transfer,202.2408,2025-11,202.2408
2025-11-09,0bc90c20,Clothing,Vacuum,2,382.9,0.21,PayPal,604.982,2025-11,604.982
2025-11-10,e5ac4dc1,Clothing,Laptop,2,275.22,0.15,Bank Transfer,467.874,2025-11,467.874
2025-11-11,35be80eb,Books,Vacuum,4,481.87,0.09,Bank Transfer,1754.0068,2025-11,1754.0068
2025-11-12,e4c6a90a,Electronics,Novel,1,177.52,0.06,Credit Card,166.8688,2025-11,166.8688
2025-11-13,b22a4703,Electronics,Shoes,3,319.98,0.01,Credit Card,950.3406,2025-11,950.3406
2025-11-14,06a65ba7,Electronics,Board Game,4,466.69,0.09,Bank Transfer,1698.7516,2025-11,1698.7516
2025-11-15,2dea9022,Electronics,Novel,1,60.23,0.2,Credit Card,48.184,2025-11,48.184
2025-11-16,4d43ce70,Home,Laptop,2,469.24,0.28,Bank Transfer,675.7056,2025-11,675.7056
2025-11-17,152e6e80,Home,Board Game,2,347.06,0.26,Bank Transfer,513.6488,2025-11,513.6488
2025-11-18,82e75e8d,Clothing,Shoes,1,43.24,0.23,Credit Card,33.2948,2025-11,33.2948
2025-11-19,290b5f77,Clothing,Novel,3,157.47,0.24,Bank Transfer,359.0316,2025-11,359.0316
2025-11-20,86a7c0d4,Books,Shoes,2,357.0,0.2,Credit Card,571.2,2025-11,571.2
2025-11-21,e57bd43a,Books,Board Game,2,43.0,0.08,Credit Card,79.12,2025-11,79.12
2025-11-22,0733c653,Home,Novel,2,295.26,0.27,Bank Transfer,431.0796,2025-11,431.0796
2025-11-23,c969a9d3,Books,Laptop,1,179.48,0.2,PayPal,143.584,2025-11,143.584
2025-11-24,7d9c0aa7,Toys,Vacuum,4,314.25,0.17,Credit Card,1043.31,2025-11,1043.31
2025-11-25,8e77961d,Books,Vacuum,2,32.41,0.03,PayPal,62.87539999999999,2025-11,62.87539999999999
2025-11-26,6fb1c72b,Books,Laptop,4,437.05,0.13,PayPal,1520.934,2025-11,1520.934
2025-11-27,422bc9cf,Books,Laptop,3,487.01,0.14,PayPal,1256.4858,2025-11,1256.4858
2025-11-28,9bc106af,Toys,Shoes,2,484.75,0.26,PayPal,717.43,2025-11,717.43
2025-11-29,9b71af7d,Home,Vacuum,2,377.33,0.16,PayPal,633.9144,2025-11,633.9144
2025-11-30,21d77167,Home,Vacuum,3,73.74,0.11,Credit Card,196.8858,2025-11,196.8858
2025-12-01,a551ef25,Books,Novel,2,381.55,0.29,Credit Card,541.801,2025-12,541.801
2025-12-02,e06cf2d7,Toys,Vacuum,4,22.05,0.03,PayPal,85.554,2025-12,85.554
2025-12-03,fd1207f5,Toys,Shoes,1,20.84,0.13,Bank Transfer,18.1308,2025-12,18.1308
2025-12-04,1fd3d388,Electronics,Novel,4,168.57,0.01,Credit Card,667.5372,2025-12,667.5372
2025-12-05,55bcdb0e,Electronics,Laptop,1,249.44,0.22,PayPal,194.5632,2025-12,194.5632
2025-12-06,14a1cfe7,Clothing,Board Game,1,387.5,0.28,Credit Card,279.0,2025-12,279.0
2025-12-07,115b1acb,Books,Novel,4,344.81,0.08,Bank Transfer,1268.9008,2025-12,1268.9008
2025-12-08,640d7121,Home,Shoes,4,228.49,0.26,Credit Card,676.3304,2025-12,676.3304
2025-12-09,d8b9259e,Clothing,Shoes,4,144.08,0.09,PayPal,524.4512000000001,2025-12,524.4512000000001
2025-12-10,346c7a90,Electronics,Board Game,4,498.59,0.27,PayPal,1455.8828,2025-12,1455.8828
2025-12-11,778f4ba9,Books,Vacuum,3,218.83,0.23,Credit Card,505.4973,2025-12,505.4973
2025-12-12,6a30b5db,Books,Novel,2,231.18,0.24,Bank Transfer,351.3936,2025-12,351.3936
2025-12-13,5087965c,Toys,Shoes,1,90.18,0.01,Bank Transfer,89.27820000000001,2025-12,89.27820000000001
2025-12-14,f68b7f70,Home,Board Game,4,399.46,0.29,PayPal,1134.4664,2025-12,1134.4664
2025-12-15,41278831,Home,Shoes,4,349.9,0.22,Bank Transfer,1091.688,2025-12,1091.688
2025-12-16,25f97558,Electronics,Novel,4,118.18,0.09,Bank Transfer,430.1752,2025-12,430.1752
2025-12-17,b5e61db3,Electronics,Board Game,3,50.37,0.25,PayPal,113.3325,2025-12,113.3325
2025-12-18,6b0929f9,Home,Vacuum,4,343.44,0.08,Credit Card,1263.8592,2025-12,1263.8592
2025-12-19,fcfdb61e,Clothing,Novel,4,330.71,0.26,PayPal,978.9015999999999,2025-12,978.9015999999999
2025-12-20,abe13586,Clothing,Novel,4,143.9,0.03,Bank Transfer,558.332,2025-12,558.332
2025-12-21,05a53046,Electronics,Novel,2,475.92,0.21,Credit Card,751.9536,2025-12,751.9536
2025-12-22,0cb785a4,Toys,Laptop,3,84.02,0.16,Credit Card,211.7304,2025-12,211.7304
2025-12-23,fbefcc0e,Toys,Vacuum,4,221.84,0.03,PayPal,860.7392,2025-12,860.7392
2025-12-24,b44ff225,Home,Board Game,1,472.37,0.07,PayPal,439.3040999999999,2025-12,439.3040999999999
2025-12-25,63d80beb,Toys,Novel,1,215.67,0.0,Bank Transfer,215.67,2025-12,215.67
2025-12-26,63a34117,Toys,Novel,1,322.88,0.14,Credit Card,277.6768,2025-12,277.6768
2025-12-27,22a63f5f,Books,Vacuum,3,204.82,0.09,Bank Transfer,559.1586000000001,2025-12,559.1586000000001
2025-12-28,858c1541,Clothing,Novel,3,144.37,0.18,Bank Transfer,355.1502,2025-12,355.1502
2025-12-29,a66f934b,Electronics,Vacuum,1,492.15,0.09,Bank Transfer,447.8565,2025-12,447.8565
2025-12-30,57447a72,Books,Laptop,4,210.57,0.09,Credit Card,766.4748,2025-12,766.4748
2025-12-31,baf50a49,Home,Novel,3,448.11,0.22,PayPal,1048.5774,2025-12,1048.5774
2026-01-01,6590b413,Books,Novel,1,122.68,0.01,Credit Card,121.4532,2026-01,121.4532
2026-01-02,83b21e3a,Toys,Board Game,1,114.42,0.27,Bank Transfer,83.5266,2026-01,83.5266
2026-01-03,4641f4b2,Electronics,Laptop,4,25.26,0.26,Credit Card,74.7696,2026-01,74.7696
2026-01-04,926555ed,Home,Novel,2,329.32,0.2,PayPal,526.912,2026-01,526.912
2026-01-05,b6a00ada,Books,Laptop,3,190.58,0.18,Credit Card,468.8268,2026-01,468.8268
2026-01-06,a8d6edd5,Home,Board Game,4,433.54,0.27,Credit Card,1265.9368,2026-01,1265.9368
2026-01-07,7c7a91a1,Electronics,Laptop,1,241.87,0.06,PayPal,227.3578,2026-01,227.3578
2026-01-08,bdf649f4,Clothing,Laptop,1,484.41,0.02,Credit Card,474.7218,2026-01,474.7218
2026-01-09,27fa9dd0,Clothing,Shoes,4,100.91,0.07,PayPal,375.3851999999999,2026-01,375.3851999999999
2026-01-10,98440495,Books,Laptop,3,435.63,0.24,PayPal,993.2363999999999,2026-01,993.2363999999999
2026-01-11,0d61fc4f,Toys,Novel,2,390.53,0.01,PayPal,773.2493999999999,2026-01,773.2493999999999
2026-01-12,5ca016db,Clothing,Vacuum,2,387.75,0.17,PayPal,643.665,2026-01,643.665
2026-01-13,f0e5b092,Books,Novel,1,423.94,0.3,Bank Transfer,296.758,2026-01,296.758
2026-01-14,f4a7b58e,Clothing,Board Game,3,382.9,0.26,Credit Card,850.0379999999999,2026-01,850.0379999999999
2026-01-15,18f4eb31,Toys,Board Game,2,316.85,0.16,Bank Transfer,532.308,2026-01,532.308
2026-01-16,c36fbe56,Toys,Novel,3,74.31,0.02,Bank Transfer,218.4714,2026-01,218.4714
2026-01-17,1f919440,Home,Laptop,3,25.94,0.25,Credit Card,58.36500000000001,2026-01,58.36500000000001
2026-01-18,a85e45ce,Home,Laptop,1,461.22,0.18,Credit Card,378.2004000000001,2026-01,378.2004000000001
2026-01-19,4e5bb652,Clothing,Shoes,2,312.16,0.03,PayPal,605.5904,2026-01,605.5904
2026-01-20,053c4f25,Clothing,Shoes,4,400.3,0.03,Credit Card,1553.164,2026-01,1553.164
2026-01-21,e2b291e7,Toys,Novel,1,245.95,0.27,PayPal,179.5435,2026-01,179.5435
2026-01-22,3321f9b0,Home,Vacuum,2,67.48,0.2,Bank Transfer,107.968,2026-01,107.968
2026-01-23,fde2abc1,Home,Shoes,2,71.34,0.25,Bank Transfer,107.01,2026-01,107.01
2026-01-24,ef4ddb95,Toys,Laptop,2,345.93,0.26,Bank Transfer,511.9764,2026-01,511.9764
2026-01-25,ccfd31ea,Books,Board Game,2,220.85,0.17,Credit Card,366.611,2026-01,366.611
2026-01-26,fc651a80,Home,Shoes,2,108.26,0.16,PayPal,181.8768,2026-01,181.8768
2026-01-27,91538dce,Home,Shoes,3,250.88,0.13,Bank Transfer,654.7968,2026-01,654.7968
2026-01-28,5dffe1f0,Electronics,Novel,1,41.46,0.1,Bank Transfer,37.314,2026-01,37.314
2026-01-29,4ef338ad,Clothing,Novel,3,295.17,0.13,Credit Card,770.3937,2026-01,770.3937
2026-01-30,47fe8605,Books,Novel,4,141.81,0.23,PayPal,436.7748,2026-01,436.7748
2026-01-31,f061e8a7,Books,Novel,2,400.8,0.18,Credit Card,657.312,2026-01,657.312
2026-02-01,c5c98b5e,Books,Novel,1,162.08,0.27,PayPal,118.3184,2026-02,118.3184
2026-02-02,e20a5b72,Clothing,Laptop,2,233.06,0.13,Credit Card,405.5244,2026-02,405.5244
2026-02-03,e50046e2,Home,Shoes,1,15.69,0.18,Bank Transfer,12.8658,2026-02,12.8658
2026-02-04,64269c54,Toys,Vacuum,3,45.5,0.19,Bank Transfer,110.565,2026-02,110.565
2026-02-05,80c14d0f,Home,Shoes,1,202.32,0.18,Credit Card,165.9024,2026-02,165.9024
2026-02-06,755c808a,Books,Board Game,4,245.17,0.21,Bank Transfer,774.7372,2026-02,774.7372
2026-02-07,5e9eecf1,Electronics,Shoes,4,304.01,0.07,Bank Transfer,1130.9172,2026-02,1130.9172
2026-02-08,a97f6458,Toys,Shoes,1,152.91,0.15,PayPal,129.9735,2026-02,129.9735
2026-02-09,9880e4c7,Books,Shoes,1,350.54,0.03,Bank Transfer,340.0238,2026-02,340.0238
2026-02-10,b558c0b0,Clothing,Novel,1,431.46,0.12,PayPal,379.6848,2026-02,379.6848
2026-02-11,69241800,Electronics,Shoes,1,392.13,0.15,Bank Transfer,333.3105,2026-02,333.3105
2026-02-12,2f916c1b,Home,Shoes,4,29.41,0.2,Credit Card,94.11200000000001,2026-02,94.11200000000001
2026-02-13,ae4502a8,Home,Board Game,2,245.45,0.29,Credit Card,348.539,2026-02,348.539
2026-02-14,4765d766,Electronics,Novel,1,61.42,0.18,Credit Card,50.3644,2026-02,50.3644
2026-02-15,2a50c834,Toys,Shoes,1,128.6,0.22,Bank Transfer,100.308,2026-02,100.308
2026-02-16,a355fd87,Toys,Laptop,4,493.46,0.15,Credit Card,1677.764,2026-02,1677.764
2026-02-17,acfd00f5,Home,Novel,4,79.82,0.19,PayPal,258.6168,2026-02,258.6168
2026-02-18,58a5e015,Electronics,Shoes,3,254.46,0.02,PayPal,748.1124,2026-02,748.1124
2026-02-19,90920246,Toys,Board Game,1,312.9,0.08,Bank Transfer,287.868,2026-02,287.868
2026-02-20,b7e01173,Home,Board Game,3,354.21,0.11,Credit Card,945.7407,2026-02,945.7407
2026-02-21,aa9d3a30,Books,Board Game,4,284.23,0.14,Credit Card,977.7512,2026-02,977.7512
2026-02-22,f1828782,Home,Board Game,4,14.79,0.01,Credit Card,58.5684,2026-02,58.5684
2026-02-23,2dfe58a4,Clothing,Shoes,2,169.97,0.04,Bank Transfer,326.3424,2026-02,326.3424
2026-02-24,7e710aab,Toys,Shoes,1,263.68,0.08,Bank Transfer,242.5856,2026-02,242.5856
2026-02-25,5f17f0a5,Toys,Novel,3,53.05,0.29,Bank Transfer,112.9965,2026-02,112.9965
2026-02-26,1f83936d,Clothing,Shoes,4,181.81,0.1,Credit Card,654.5160000000001,2026-02,654.5160000000001
2026-02-27,7a7028af,Home,Vacuum,4,26.27,0.14,Credit Card,90.3688,2026-02,90.3688
2026-02-28,6446f546,Clothing,Shoes,3,48.5,0.06,Credit Card,136.77,2026-02,136.77
2026-03-01,aee9b70d,Toys,Vacuum,2,204.49,0.18,Credit Card,335.3636,2026-03,335.3636
2026-03-02,ac357fd1,Home,Shoes,4,75.03,0.08,Bank Transfer,276.1104,2026-03,276.1104
2026-03-03,bf86abd9,Toys,Vacuum,1,288.1,0.06,PayPal,270.814,2026-03,270.814
2026-03-04,e1811337,Toys,Board Game,4,347.84,0.15,Credit Card,1182.656,2026-03,1182.656
2026-03-05,0b2ff831,Clothing,Novel,1,402.29,0.0,Credit Card,402.29,2026-03,402.29
2026-03-06,6ba4beb5,Books,Laptop,3,108.07,0.0,PayPal,324.21,2026-03,324.21
2026-03-07,5d10740c,Home,Novel,1,92.07,0.07,PayPal,85.62509999999999,2026-03,85.62509999999999
2026-03-08,904bc019,Toys,Vacuum,3,61.24,0.01,PayPal,181.8828,2026-03,181.8828
2026-03-09,99ea1542,Home,Shoes,1,321.85,0.03,Bank Transfer,312.1945,2026-03,312.1945
2026-03-10,caeaab53,Toys,Novel,3,356.17,0.1,Credit Card,961.659,2026-03,961.659
2026-03-11,959525b9,Clothing,Vacuum,1,25.48,0.24,Credit Card,19.3648,2026-03,19.3648
2026-03-12,5cd0578a,Clothing,Novel,2,468.74,0.17,Credit Card,778.1084,2026-03,778.1084
2026-03-13,fafa2e28,Home,Laptop,1,35.47,0.15,Credit Card,30.1495,2026-03,30.1495
2026-03-14,7afd6a12,Toys,Vacuum,1,275.24,0.09,Credit Card,250.4684,2026-03,250.4684
2026-03-15,e5d0268b,Home,Novel,2,357.44,0.28,Bank Transfer,514.7135999999999,2026-03,514.7135999999999
2026-03-16,78331a93,Electronics,Laptop,4,436.77,0.12,Bank Transfer,1537.4304,2026-03,1537.4304
2026-03-17,10878872,Home,Novel,4,359.9,0.03,Bank Transfer,1396.412,2026-03,1396.412
2026-03-18,8cbf5d1d,Clothing,Laptop,1,402.85,0.19,Credit Card,326.3085,2026-03,326.3085
2026-03-19,b9fd41cf,Home,Vacuum,2,176.33,0.03,Bank Transfer,342.0802,2026-03,342.0802
2026-03-20,306f4e12,Home,Board Game,1,409.26,0.1,Credit Card,368.334,2026-03,368.334
2026-03-21,50b920a0,Home,Vacuum,3,49.26,0.15,Credit Card,125.613,2026-03,125.613
2026-03-22,80b8dca2,Clothing,Board Game,3,448.46,0.26,Credit Card,995.5811999999999,2026-03,995.5811999999999
2026-03-23,fa314cb1,Electronics,Board Game,1,278.32,0.15,PayPal,236.572,2026-03,236.572
2026-03-24,acaf6a71,Books,Vacuum,4,410.48,0.21,PayPal,1297.1168,2026-03,1297.1168
2026-03-25,d3b025bb,Home,Laptop,4,231.64,0.3,Bank Transfer,648.5919999999999,2026-03,648.5919999999999
2026-03-26,41dce09f,Clothing,Board Game,1,325.35,0.04,Credit Card,312.336,2026-03,312.336
2026-03-27,a82637f3,Books,Shoes,1,267.94,0.08,Bank Transfer,246.5048,2026-03,246.5048
2026-03-28,c5f9a855,Electronics,Novel,3,368.48,0.12,Credit Card,972.7872000000001,2026-03,972.7872000000001
2026-03-29,dee6fba2,Books,Board Game,4,50.0,0.13,PayPal,174.0,2026-03,174.0
2026-03-30,48956e87,Books,Laptop,1,39.57,0.12,PayPal,34.8216,2026-03,34.8216
2026-03-31,a5daa9bf,Toys,Vacuum,3,131.08,0.27,Bank Transfer,287.0652,2026-03,287.0652
2026-04-01,6b519940,Clothing,Vacuum,4,88.18,0.21,Credit Card,278.6488000000001,2026-04,278.6488000000001
2026-04-02,f36132f8,Books,Novel,2,437.17,0.18,PayPal,716.9588000000001,2026-04,716.9588000000001
2026-04-03,c6b9bc8c,Toys,Board Game,3,117.41,0.09,Bank Transfer,320.5293,2026-04,320.5293
2026-04-04,056192c6,Toys,Board Game,4,488.17,0.25,Credit Card,1464.51,2026-04,1464.51
2026-04-05,4244cc65,Home,Laptop,4,175.08,0.29,Credit Card,497.2272,2026-04,497.2272
2026-04-06,9ba982a1,Electronics,Board Game,3,99.24,0.25,Bank Transfer,223.29,2026-04,223.29
2026-04-07,6dfaebb1,Home,Laptop,2,396.95,0.0,Bank Transfer,793.9,2026-04,793.9
2026-04-08,95ac1b73,Home,Board Game,3,332.77,0.19,Credit Card,808.6311000000001,2026-04,808.6311000000001
2026-04-09,0f128d44,Toys,Board Game,4,254.12,0.02,Bank Transfer,996.1504,2026-04,996.1504
2026-04-10,2585e870,Toys,Shoes,1,282.13,0.08,PayPal,259.5596,2026-04,259.5596
2026-04-11,0ad1b93d,Home,Vacuum,1,362.41,0.02,PayPal,355.1618,2026-04,355.1618
2026-04-12,c0a70f32,Home,Board Game,3,121.94,0.18,PayPal,299.9724,2026-04,299.9724
2026-04-13,02301c23,Home,Board Game,4,498.2,0.21,PayPal,1574.312,2026-04,1574.312
2026-04-14,bd562b2a,Books,Board Game,1,487.65,0.03,Credit Card,473.0205,2026-04,473.0205
2026-04-15,fda72999,Home,Board Game,4,328.66,0.12,Bank Transfer,1156.8832,2026-04,1156.8832
2026-04-16,1571878c,Books,Laptop,3,107.78,0.14,Credit Card,278.0724,2026-04,278.0724
2026-04-17,c1d8faf6,Electronics,Vacuum,1,343.31,0.11,Credit Card,305.5459,2026-04,305.5459
2026-04-18,333c9e9f,Home,Laptop,4,45.38,0.04,Bank Transfer,174.2592,2026-04,174.2592
2026-04-19,a77d20bf,Toys,Board Game,1,25.02,0.13,PayPal,21.7674,2026-04,21.7674
2026-04-20,55eacedb,Clothing,Shoes,3,136.26,0.23,Credit Card,314.7606,2026-04,314.7606
2026-04-21,afa3374b,Books,Board Game,4,236.69,0.02,Bank Transfer,927.8248,2026-04,927.8248
2026-04-22,37e2b931,Books,Vacuum,1,435.45,0.02,Bank Transfer,426.741,2026-04,426.741
2026-04-23,5a9ab92d,Toys,Vacuum,3,366.31,0.11,Credit Card,978.0477000000001,2026-04,978.0477000000001
2026-04-24,926691db,Toys,Board Game,1,373.93,0.28,Credit Card,269.2296,2026-04,269.2296
2026-04-25,684a73e4,Toys,Board Game,1,218.49,0.2,PayPal,174.792,2026-04,174.792
2026-04-26,2e3b1a78,Clothing,Vacuum,2,179.51,0.2,Credit Card,287.216,2026-04,287.216
2026-04-27,96c438a1,Clothing,Laptop,2,191.81,0.11,PayPal,341.4218,2026-04,341.4218
2026-04-28,0fe840a2,Books,Laptop,3,493.95,0.18,Bank Transfer,1215.117,2026-04,1215.117
2026-04-29,3b045c69,Books,Laptop,2,29.65,0.0,PayPal,59.3,2026-04,59.3
2026-04-30,bd5359db,Toys,Vacuum,3,434.85,0.19,Credit Card,1056.6855,2026-04,1056.6855
2026-05-01,9291e687,Electronics,Shoes,2,293.55,0.27,Bank Transfer,428.583,2026-05,428.583
2026-05-02,8ab5f6e0,Electronics,Laptop,1,224.92,0.18,Credit Card,184.4344,2026-05,184.4344
2026-05-03,bae0ab57,Books,Novel,3,365.38,0.26,Credit Card,811.1435999999999,2026-05,811.1435999999999
2026-05-04,93bf93e9,Toys,Novel,3,248.47,0.22,Credit Card,581.4198,2026-05,581.4198
2026-05-05,ebe02cca,Toys,Vacuum,1,437.98,0.04,Credit Card,420.4608,2026-05,420.4608
2026-05-06,1aecdaf9,Books,Novel,3,451.34,0.27,Bank Transfer,988.4345999999999,2026-05,988.4345999999999
2026-05-07,4e692396,Home,Laptop,3,216.64,0.02,Credit Card,636.9215999999999,2026-05,636.9215999999999
2026-05-08,67965892,Electronics,Board Game,2,145.65,0.16,PayPal,244.692,2026-05,244.692
2026-05-09,0fc4199d,Books,Board Game,3,300.25,0.04,Credit Card,864.7199999999999,2026-05,864.7199999999999
2026-05-10,ea4b9fdf,Toys,Board Game,4,457.06,0.0,Credit Card,1828.24,2026-05,1828.24
2026-05-11,830f40d0,Home,Vacuum,1,113.22,0.13,PayPal,98.5014,2026-05,98.5014
2026-05-12,32a4908e,Books,Laptop,2,315.25,0.09,PayPal,573.755,2026-05,573.755
2026-05-13,bcb4cafd,Toys,Novel,2,319.46,0.15,Credit Card,543.082,2026-05,543.082
2026-05-14,a15088e7,Electronics,Laptop,4,369.23,0.17,Credit Card,1225.8436,2026-05,1225.8436
2026-05-15,9676ccb7,Books,Laptop,1,74.47,0.01,Credit Card,73.7253,2026-05,73.7253
2026-05-16,a99444db,Clothing,Shoes,1,360.75,0.04,Credit Card,346.32,2026-05,346.32
2026-05-17,637a7b40,Clothing,Shoes,2,455.43,0.17,Bank Transfer,756.0138,2026-05,756.0138
2026-05-18,f4a927e3,Electronics,Shoes,3,98.04,0.1,PayPal,264.708,2026-05,264.708
2026-05-19,cf0e603a,Home,Shoes,2,126.4,0.22,PayPal,197.184,2026-05,197.184
2026-05-20,f5abcdc9,Home,Novel,1,485.98,0.2,Bank Transfer,388.784,2026-05,388.784
2026-05-21,92ba48f5,Books,Board Game,4,98.68,0.25,Bank Transfer,296.04,2026-05,296.04
2026-05-22,fd0a67d5,Electronics,Shoes,2,428.65,0.21,Bank Transfer,677.2669999999999,2026-05,677.2669999999999
2026-05-23,458bc403,Electronics,Novel,1,251.22,0.13,Bank Transfer,218.5614,2026-05,218.5614
2026-05-24,9fbc4513,Toys,Laptop,2,131.14,0.2,PayPal,209.824,2026-05,209.824
2026-05-25,8df6a66f,Books,Novel,3,436.67,0.08,PayPal,1205.2092,2026-05,1205.2092
2026-05-26,e903fb69,Clothing,Novel,2,228.2,0.09,PayPal,415.324,2026-05,415.324
2026-05-27,53a3f0e6,Toys,Laptop,2,262.26,0.24,Bank Transfer,398.6352,2026-05,398.6352
2026-05-28,d06a3230,Electronics,Laptop,1,186.02,0.13,PayPal,161.8374,2026-05,161.8374
2026-05-29,1715db3c,Home,Shoes,1,300.55,0.24,PayPal,228.418,2026-05,228.418
2026-05-30,1b6686ff,Clothing,Vacuum,1,90.13,0.25,Credit Card,67.5975,2026-05,67.5975
2026-05-31,24bdc762,Clothing,Vacuum,2,201.63,0.26,Credit Card,298.4124,2026-05,298.4124
2026-06-01,9c941c15,Electronics,Board Game,3,485.01,0.27,Credit Card,1062.1719,2026-06,1062.1719
2026-06-02,c14f5b99,Toys,Novel,4,136.49,0.13,Bank Transfer,474.9852,2026-06,474.9852
2026-06-03,5f6eeb53,Toys,Shoes,4,331.8,0.1,Bank Transfer,1194.48,2026-06,1194.48
2026-06-04,ba67de3a,Books,Laptop,1,169.34,0.17,Credit Card,140.5522,2026-06,140.5522
2026-06-05,081b76e8,Electronics,Board Game,1,389.0,0.11,Bank Transfer,346.21,2026-06,346.21
2026-06-06,99e5537a,Home,Shoes,2,74.13,0.18,PayPal,121.5732,2026-06,121.5732
2026-06-07,edcd4ba5,Clothing,Novel,4,485.21,0.21,Bank Transfer,1533.2636,2026-06,1533.2636
2026-06-08,eeab2bde,Home,Shoes,1,232.36,0.21,Bank Transfer,183.5644,2026-06,183.5644
2026-06-09,66bd6d6c,Books,Laptop,3,125.66,0.11,Bank Transfer,335.5122,2026-06,335.5122
2026-06-10,cb017d3e,Home,Laptop,3,46.01,0.05,Credit Card,131.1285,2026-06,131.1285
2026-06-11,6b26716f,Clothing,Novel,1,93.18,0.13,PayPal,81.06660000000001,2026-06,81.06660000000001
2026-06-12,be5a252e,Toys,Novel,1,264.69,0.04,Credit Card,254.1024,2026-06,254.1024
2026-06-13,5b206b09,Electronics,Vacuum,4,175.13,0.27,Bank Transfer,511.3796,2026-06,511.3796
2026-06-14,231bf86a,Clothing,Vacuum,4,416.15,0.1,Bank Transfer,1498.14,2026-06,1498.14
2026-06-15,5a79e5a6,Home,Vacuum,2,221.13,0.05,Credit Card,420.147,2026-06,420.147
2026-06-16,ad3fdb12,Clothing,Vacuum,4,131.87,0.01,Bank Transfer,522.2052,2026-06,522.2052
2026-06-17,af2abd0d,Home,Novel,3,312.4,0.19,Credit Card,759.132,2026-06,759.132
2026-06-18,367d2fe3,Home,Shoes,3,356.32,0.19,Bank Transfer,865.8576,2026-06,865.8576
2026-06-19,b423de7f,Toys,Shoes,1,91.85,0.1,Bank Transfer,82.66499999999999,2026-06,82.66499999999999
2026-06-20,9af7d5d8,Clothing,Novel,4,92.13,0.02,PayPal,361.1496,2026-06,361.1496
2026-06-21,1a361c6c,Toys,Board Game,2,27.97,0.12,Bank Transfer,49.2272,2026-06,49.2272
2026-06-22,209bf46e,Books,Laptop,3,370.84,0.09,Bank Transfer,1012.3932,2026-06,1012.3932
2026-06-23,460d3865,Clothing,Vacuum,3,335.26,0.2,Credit Card,804.624,2026-06,804.624
2026-06-24,a498a04e,Home,Novel,2,242.57,0.18,PayPal,397.8148,2026-06,397.8148
2026-06-25,08ec020d,Books,Laptop,2,423.64,0.11,Bank Transfer,754.0792,2026-06,754.0792
2026-06-26,cb4e0d2e,Books,Vacuum,3,404.78,0.07,Bank Transfer,1129.3362,2026-06,1129.3362
2026-06-27,7275044b,Electronics,Laptop,3,296.82,0.3,Bank Transfer,623.322,2026-06,623.322
2026-06-28,aabab346,Books,Vacuum,2,435.45,0.14,Credit Card,748.9739999999999,2026-06,748.9739999999999
2026-06-29,fc3d4b18,Home,Vacuum,3,110.86,0.21,Bank Transfer,262.7382,2026-06,262.7382
2026-06-30,e8ffb784,Toys,Vacuum,1,64.84,0.04,Bank Transfer,62.2464,2026-06,62.2464
2026-07-01,1a82eb25,Clothing,Laptop,1,142.18,0.15,PayPal,120.853,2026-07,120.853
2026-07-02,2301e43b,Books,Shoes,2,37.97,0.01,PayPal,75.1806,2026-07,75.1806
2026-07-03,8eb529ae,Books,Vacuum,4,270.27,0.15,Credit Card,918.9179999999999,2026-07,918.9179999999999
2026-07-04,493cbe39,Clothing,Laptop,2,468.94,0.29,Bank Transfer,665.8947999999999,2026-07,665.8947999999999
2026-07-05,0a737844,Books,Shoes,2,29.28,0.12,Bank Transfer,51.5328,2026-07,51.5328
2026-07-06,5ae279f8,Books,Vacuum,4,69.83,0.01,PayPal,276.5268,2026-07,276.5268
2026-07-07,df33c75f,Books,Laptop,4,231.58,0.01,Credit Card,917.0568000000001,2026-07,917.0568000000001
2026-07-08,d134cdec,Books,Vacuum,4,467.6,0.12,PayPal,1645.952,2026-07,1645.952
2026-07-09,b2adc257,Books,Board Game,1,164.92,0.05,Credit Card,156.674,2026-07,156.674
2026-07-10,7c996c39,Toys,Vacuum,3,258.55,0.01,Credit Card,767.8935000000001,2026-07,767.8935000000001
2026-07-11,156af6cc,Books,Vacuum,1,30.37,0.23,Credit Card,23.3849,2026-07,23.3849
2026-07-12,690f03d2,Toys,Vacuum,3,82.69,0.14,PayPal,213.3402,2026-07,213.3402
2026-07-13,8234b1e9,Books,Laptop,1,493.45,0.09,Credit Card,449.0395,2026-07,449.0395
2026-07-14,31f56676,Clothing,Vacuum,3,482.91,0.27,Bank Transfer,1057.5729,2026-07,1057.5729
2026-07-15,6bc3484f,Home,Board Game,1,12.42,0.03,Credit Card,12.0474,2026-07,12.0474
2026-07-16,bff6fba5,Home,Novel,4,476.39,0.29,Credit Card,1352.9476,2026-07,1352.9476
2026-07-17,eb15cd2f,Books,Shoes,2,323.17,0.09,Bank Transfer,588.1694,2026-07,588.1694
2026-07-18,60c947c9,Electronics,Board Game,1,435.28,0.27,Bank Transfer,317.7544,2026-07,317.7544
2026-07-19,7c478b3f,Clothing,Novel,3,232.82,0.18,Bank Transfer,572.7372,2026-07,572.7372
2026-07-20,245c47c6,Books,Vacuum,4,262.64,0.25,Credit Card,787.92,2026-07,787.92
2026-07-21,4fd423fe,Electronics,Laptop,1,249.53,0.3,Credit Card,174.671,2026-07,174.671
2026-07-22,29e93155,Electronics,Shoes,1,336.76,0.09,PayPal,306.4516,2026-07,306.4516
2026-07-23,ec316a75,Home,Laptop,4,78.43,0.29,Bank Transfer,222.7412,2026-07,222.7412
2026-07-24,323723e5,Toys,Board Game,1,24.69,0.12,Bank Transfer,21.7272,2026-07,21.7272
2026-07-25,5b19d421,Home,Board Game,2,160.89,0.12,Bank Transfer,283.1664,2026-07,283.1664
2026-07-26,f0613e33,Toys,Laptop,1,355.29,0.1,Bank Transfer,319.761,2026-07,319.761
2026-07-27,1e6e953d,Toys,Board Game,2,108.91,0.16,Bank Transfer,182.9688,2026-07,182.9688
2026-07-28,96f09a75,Clothing,Laptop,2,339.98,0.05,PayPal,645.962,2026-07,645.962
2026-07-29,6aca76d3,Toys,Vacuum,4,485.26,0.17,Bank Transfer,1611.0632,2026-07,1611.0632
2026-07-30,08ec9320,Home,Novel,1,56.01,0.16,PayPal,47.04839999999999,2026-07,47.04839999999999
2026-07-31,70a807a0,Toys,Novel,4,339.58,0.23,Credit Card,1045.9064,2026-07,1045.9064
2026-08-01,33ccac12,Books,Board Game,1,227.44,0.25,Credit Card,170.58,2026-08,170.58
2026-08-02,725fdfd7,Clothing,Novel,1,435.39,0.13,Credit Card,378.7893,2026-08,378.7893
2026-08-03,346f33be,Electronics,Vacuum,3,96.8,0.09,Credit Card,264.264,2026-08,264.264
2026-08-04,7de59e2a,Toys,Board Game,1,349.39,0.08,Bank Transfer,321.4388,2026-08,321.4388
2026-08-05,718752bd,Electronics,Shoes,4,420.68,0.06,Bank Transfer,1581.7568,2026-08,1581.7568
2026-08-06,ccca98ca,Toys,Board Game,2,472.86,0.02,Bank Transfer,926.8056,2026-08,926.8056
2026-08-07,2d925156,Toys,Board Game,1,344.79,0.1,PayPal,310.311,2026-08,310.311
2026-08-08,b98c531a,Books,Shoes,3,253.62,0.08,Credit Card,699.9912,2026-08,699.9912
2026-08-09,b93f6468,Toys,Novel,4,312.75,0.29,Bank Transfer,888.2099999999999,2026-08,888.2099999999999
2026-08-10,edb2cac9,Toys,Novel,1,435.76,0.17,Bank Transfer,361.6808,2026-08,361.6808
2026-08-11,0dae2506,Toys,Vacuum,4,289.6,0.1,Bank Transfer,1042.56,2026-08,1042.56
2026-08-12,086aac89,Clothing,Novel,3,24.89,0.17,Bank Transfer,61.9761,2026-08,61.9761
2026-08-13,bfc13e05,Books,Shoes,3,466.16,0.04,Credit Card,1342.5408,2026-08,1342.5408
2026-08-14,6182fea3,Electronics,Laptop,4,347.87,0.13,PayPal,1210.5876,2026-08,1210.5876
2026-08-15,7b4b0a52,Home,Vacuum,1,341.49,0.19,Credit Card,276.6069000000001,2026-08,276.6069000000001
2026-08-16,7dd2c5fd,Home,Vacuum,2,115.68,0.15,Credit Card,196.656,2026-08,196.656
2026-08-17,9e3679ad,Books,Novel,3,332.85,0.12,Bank Transfer,878.724,2026-08,878.724
2026-08-18,f7a7f1e2,Books,Shoes,1,202.99,0.3,Credit Card,142.093,2026-08,142.093
2026-08-19,ec620967,Home,Laptop,1,329.1,0.26,Bank Transfer,243.534,2026-08,243.534
2026-08-20,4ad403d5,Toys,Laptop,2,62.23,0.19,Bank Transfer,100.8126,2026-08,100.8126
2026-08-21,62c8f441,Toys,Shoes,3,332.34,0.17,Bank Transfer,827.5265999999999,2026-08,827.5265999999999
2026-08-22,2cb3994a,Electronics,Novel,3,499.71,0.19,PayPal,1214.2953,2026-08,1214.2953
2026-08-23,53edfbbd,Clothing,Vacuum,1,33.62,0.06,Bank Transfer,31.60279999999999,2026-08,31.60279999999999
2026-08-24,c4a5d501,Electronics,Vacuum,1,488.82,0.12,Bank Transfer,430.1616,2026-08,430.1616
2026-08-25,349f4cff,Toys,Board Game,2,209.38,0.01,Credit Card,414.5724,2026-08,414.5724
2026-08-26,18a7156c,Home,Shoes,2,436.67,0.14,PayPal,751.0724,2026-08,751.0724
2026-08-27,4f96b5fa,Toys,Shoes,3,393.37,0.16,Bank Transfer,991.2924,2026-08,991.2924
2026-08-28,2541617f,Clothing,Shoes,4,287.84,0.07,Bank Transfer,1070.7648,2026-08,1070.7648
2026-08-29,5dc9d5be,Electronics,Board Game,3,371.84,0.29,Credit Card,792.0192,2026-08,792.0192
2026-08-30,926f45a4,Toys,Novel,1,440.47,0.27,PayPal,321.5431,2026-08,321.5431
2026-08-31,3a6fc3ff,Toys,Laptop,3,208.03,0.22,Bank Transfer,486.7902,2026-08,486.7902
2026-09-01,b467bdef,Clothing,Board Game,4,170.25,0.16,Credit Card,572.04,2026-09,572.04
2026-09-02,f726309d,Home,Vacuum,2,337.12,0.26,Bank Transfer,498.9376,2026-09,498.9376
2026-09-03,35d7eb34,Electronics,Novel,4,405.84,0.04,Credit Card,1558.4256,2026-09,1558.4256
2026-09-04,1d43fc86,Toys,Board Game,4,383.52,0.24,Bank Transfer,1165.9008,2026-09,1165.9008
2026-09-05,52146220,Clothing,Laptop,4,400.93,0.04,Credit Card,1539.5712,2026-09,1539.5712
2026-09-06,a6e9179f,Home,Shoes,2,223.44,0.24,Bank Transfer,339.6288,2026-09,339.6288
2026-09-07,5a481ab6,Electronics,Laptop,4,410.74,0.08,Credit Card,1511.5232,2026-09,1511.5232
2026-09-08,e7da5730,Toys,Laptop,4,68.9,0.26,Bank Transfer,203.944,2026-09,203.944
2026-09-09,20546698,Electronics,Vacuum,4,276.8,0.28,PayPal,797.184,2026-09,797.184
2026-09-10,d71067c2,Home,Novel,1,12.82,0.04,Bank Transfer,12.3072,2026-09,12.3072
2026-09-11,1c06a03d,Books,Laptop,4,169.05,0.14,PayPal,581.532,2026-09,581.532
2026-09-12,8f01af66,Books,Novel,2,189.57,0.29,Credit Card,269.1894,2026-09,269.1894
2026-09-13,0dc33344,Toys,Vacuum,4,204.12,0.15,Credit Card,694.008,2026-09,694.008
2026-09-14,3e4f5e51,Home,Shoes,4,350.78,0.26,Credit Card,1038.3088,2026-09,1038.3088
2026-09-15,66d0bef8,Books,Shoes,2,200.39,0.18,Credit Card,328.6396,2026-09,328.6396
2026-09-16,ae40e848,Electronics,Board Game,4,229.86,0.11,Credit Card,818.3016,2026-09,818.3016
2026-09-17,e7cbb12a,Home,Laptop,2,126.4,0.09,Credit Card,230.048,2026-09,230.048
2026-09-18,3bd12c00,Electronics,Vacuum,4,192.89,0.06,PayPal,725.2663999999999,2026-09,725.2663999999999
2026-09-19,d7893d68,Home,Shoes,2,121.36,0.23,Bank Transfer,186.8944,2026-09,186.8944
2026-09-20,eb14b1e7,Home,Board Game,4,45.87,0.12,Bank Transfer,161.4624,2026-09,161.4624
2026-09-21,29e3d730,Toys,Novel,4,305.69,0.15,Bank Transfer,1039.346,2026-09,1039.346
2026-09-22,7b1212bc,Electronics,Shoes,1,337.42,0.15,PayPal,286.807,2026-09,286.807
2026-09-23,e23f5ef1,Clothing,Vacuum,1,313.55,0.17,PayPal,260.2465,2026-09,260.2465
2026-09-24,98140040,Home,Novel,4,237.11,0.26,PayPal,701.8456,2026-09,701.8456
2026-09-25,a98ddabd,Toys,Shoes,4,196.1,0.29,Credit Card,556.924,2026-09,556.924
2026-09-26,a08f1541,Toys,Shoes,3,433.03,0.12,PayPal,1143.1992,2026-09,1143.1992
